time,raw_a,raw_b,raw_c,scaled_a,scaled_b,scaled_c,org_al,org_bl,org_cl,org_ad,org_bd,org_cd,min_a,min_b,min_c,max_a,max_b,max_c,prev_phase,cand_phase,est_phase,alt_phase,pn0,pn1,pn2,consumption_lifetime,consumption_since_restart,consumption_current,consumption_previous,flow_rate_current,flow_rate_previous
12:30:47.797,0.063033,0.029433,0.066267,1.107221,-0.51512,1.153979,0.074733,0.0345,0.0734,0.0117,0.005067,0.007133,0.025909,0.023636,0.030225,0.061144,0.047549,0.06369,1,0,5,-1,1.575583,-3.291439,1.715857,2939954.666828,1.166667,0.0,1.166667,0.0,28.340057
12:30:47.910,0.066467,0.031467,0.069833,1.267848,-0.34506,1.324469,0.078067,0.036333,0.076833,0.0116,0.004867,0.007,0.025909,0.023636,0.030225,0.061677,0.047549,0.064305,1,0,5,-1,1.556287,-3.282437,1.72615,2939954.666828,1.166667,0.0,1.166667,0.0,28.340057
12:30:48.023,0.068033,0.032433,0.0717,1.31432,-0.264212,1.382319,0.080633,0.0376,0.0796,0.0126,0.005167,0.0079,0.025909,0.023636,0.030225,0.062312,0.047549,0.065044,1,0,5,-1,1.510532,-3.225063,1.714531,2939954.666828,1.166667,0.0,1.166667,0.0,28.340057
12:30:48.149,0.074367,0.0356,0.077133,1.576945,0.000636,1.604001,0.0862,0.040567,0.0848,0.011833,0.004967,0.007667,0.025909,0.023636,0.030225,0.063518,0.047549,0.066253,1,0,5,-1,1.549253,-3.179674,1.630421,2939954.666828,1.166667,0.0,1.166667,0.0,28.340057
12:30:48.247,0.0716,0.034033,0.0745,1.378694,-0.130393,1.402814,0.0847,0.039567,0.0834,0.0131,0.005533,0.0089,0.025909,0.023636,0.030225,0.064326,0.047549,0.067078,1,0,5,-1,1.484967,-3.042294,1.557326,2939954.666828,1.166667,0.0,1.166667,0.0,28.340057
12:30:48.376,0.074867,0.035067,0.077467,1.480695,-0.04397,1.493523,0.0857,0.039833,0.0843,0.010833,0.004767,0.006833,0.025909,0.023636,0.030225,0.06538,0.047549,0.068117,1,0,5,-1,1.511836,-3.062157,1.550321,2939954.666828,1.166667,0.0,1.166667,0.0,28.340057
12:30:48.501,0.0716,0.0331,0.074133,1.279253,-0.208455,1.281355,0.082233,0.0377,0.080867,0.010633,0.0046,0.006733,0.025909,0.023636,0.030225,0.066002,0.047549,0.068718,1,0,5,-1,1.485605,-2.977517,1.491911,2939954.666828,1.166667,0.0,1.166667,0.0,28.340057
12:30:49.322,0.0633,0.029333,0.065467,0.831354,-0.523483,0.776507,0.075267,0.034433,0.073367,0.011967,0.0051,0.0079,0.025909,0.023636,0.030225,0.066743,0.047549,0.0699,1,0,5,-1,1.409684,-2.654827,1.245143,2939954.666828,1.166667,0.0,1.166667,0.0,28.340057
12:30:49.428,0.0657,0.030967,0.068233,0.953895,-0.386878,0.924058,0.078733,0.036367,0.077033,0.013033,0.0054,0.0088,0.025909,0.023636,0.030225,0.066639,0.047549,0.069733,1,0,5,-1,1.37061,-2.65171,1.281099,2939954.666828,1.166667,0.0,1.166667,0.0,28.340057
12:30:49.524,0.0633,0.029867,0.066267,0.85122,-0.478877,0.840652,0.077333,0.035667,0.075967,0.014033,0.0058,0.0097,0.025909,0.023636,0.030225,0.066305,0.047549,0.069387,1,0,5,-1,1.340665,-2.649627,1.308962,2939954.666828,1.166667,0.0,1.166667,0.0,28.340057
12:30:49.637,0.061967,0.0291,0.065433,0.785206,-0.542998,0.798093,0.075733,0.034767,0.074667,0.013767,0.005667,0.009233,0.025909,0.023636,0.030225,0.066305,0.047549,0.069387,1,0,5,-1,1.315316,-2.669295,1.353978,2939954.666828,1.166667,0.0,1.166667,0.0,28.340057
12:30:49.755,0.059133,0.026967,0.062333,0.644926,-0.721421,0.639774,0.069833,0.031467,0.068933,0.0107,0.0045,0.0066,0.025909,0.023636,0.030225,0.066305,0.047549,0.069387,1,0,5,-1,1.371499,-2.727542,1.356043,2939954.666828,1.166667,0.0,1.166667,0.0,28.340057
12:30:49.850,0.062633,0.0286,0.065933,0.834891,-0.584815,0.839854,0.0743,0.033633,0.0733,0.011667,0.005033,0.007367,0.025909,0.023636,0.030225,0.065938,0.047549,0.069041,1,0,5,-1,1.414744,-2.844376,1.429632,2939954.666828,1.166667,0.0,1.166667,0.0,28.340057
12:30:49.954,0.062333,0.028667,0.065433,0.836439,-0.57924,0.831112,0.075333,0.034133,0.074233,0.013,0.005467,0.0088,0.025909,0.023636,0.030225,0.065577,0.047549,0.068681,1,0,5,-1,1.421007,-2.826032,1.405024,2939954.666828,1.166667,0.0,1.166667,0.0,28.340057
12:30:50.059,0.064467,0.0302,0.067933,0.949457,-0.450998,0.964952,0.0806,0.036967,0.079333,0.016133,0.006767,0.0114,0.025909,0.023636,0.030225,0.065466,0.047549,0.068606,1,0,5,-1,1.384961,-2.816406,1.431444,2939954.666828,1.166667,0.0,1.166667,0.0,28.340057
12:30:50.165,0.0648,0.0305,0.0682,0.969629,-0.425908,0.980942,0.080067,0.036867,0.078867,0.015267,0.006367,0.010667,0.025909,0.023636,0.030225,0.0654,0.047549,0.068565,1,0,5,-1,1.384223,-2.802387,1.418163,2939954.666828,1.166667,0.0,1.166667,0.0,28.340057
12:30:50.270,0.064467,0.030267,0.067833,0.957371,-0.445423,0.965568,0.0797,0.036633,0.078467,0.015233,0.006367,0.010633,0.025909,0.023636,0.030225,0.065306,0.047549,0.068492,1,0,5,-1,1.394597,-2.813785,1.419188,2939954.666828,1.166667,0.0,1.166667,0.0,28.340057
12:30:50.376,0.064667,0.030267,0.068,0.970724,-0.445422,0.976821,0.0798,0.036667,0.078567,0.015133,0.0064,0.010567,0.025909,0.023636,0.030225,0.065242,0.047549,0.068443,1,0,5,-1,1.41005,-2.838391,1.428341,2939954.666828,1.166667,0.0,1.166667,0.0,28.340057
12:30:50.481,0.065033,0.030433,0.068467,0.990427,-0.431483,1.001119,0.080133,0.036767,0.078933,0.0151,0.006333,0.010467,0.025909,0.023636,0.030225,0.065222,0.047549,0.068445,1,0,5,-1,1.411218,-2.854513,1.443295,2939954.666828,1.166667,0.0,1.166667,0.0,28.340057
12:30:50.585,0.065467,0.030767,0.069,1.011219,-0.403605,1.026087,0.080667,0.037167,0.0796,0.0152,0.0064,0.0106,0.025909,0.023636,0.030225,0.065246,0.047549,0.068501,1,0,5,-1,1.399956,-2.844515,1.444559,2939954.666828,1.166667,0.0,1.166667,0.0,28.340057
12:30:50.690,0.064933,0.030633,0.068567,0.985681,-0.414756,1.003099,0.080133,0.036933,0.079133,0.0152,0.0063,0.010567,0.025909,0.023636,0.030225,0.065215,0.047549,0.068507,1,0,5,-1,1.383019,-2.818292,1.435273,2939954.666828,1.166667,0.0,1.166667,0.0,28.340057
12:30:50.813,0.064067,0.029767,0.066967,0.947269,-0.487241,0.927265,0.0759,0.034467,0.074833,0.011833,0.0047,0.007867,0.025909,0.023636,0.030225,0.0651,0.047549,0.068353,1,0,5,-1,1.454514,-2.849016,1.394501,2939954.666828,1.166667,0.0,1.166667,0.0,28.340057
12:30:50.910,0.0629,0.029,0.0661,0.898387,-0.551362,0.892991,0.075633,0.034167,0.074367,0.012733,0.005167,0.008267,0.025909,0.023636,0.030225,0.06488,0.047549,0.068128,1,0,5,-1,1.455145,-2.894102,1.438957,2939954.666828,1.166667,0.0,1.166667,0.0,28.340057
12:30:51.013,0.063267,0.0291,0.066333,0.925175,-0.542998,0.914367,0.076067,0.034333,0.074767,0.0128,0.005233,0.008433,0.025909,0.023636,0.030225,0.064719,0.047549,0.067948,1,0,5,-1,1.47898,-2.925539,1.446558,2939954.666828,1.166667,0.0,1.166667,0.0,28.340057
12:30:51.117,0.063933,0.030033,0.067833,0.963504,-0.464938,0.994504,0.080033,0.036633,0.078767,0.0161,0.0066,0.010933,0.025909,0.023636,0.030225,0.06464,0.047549,0.067937,1,0,5,-1,1.397443,-2.887883,1.490441,2939954.666828,1.166667,0.0,1.166667,0.0,28.340057
12:30:51.220,0.064933,0.030467,0.068333,1.013619,-0.428695,1.018898,0.080033,0.0366,0.078867,0.0151,0.006133,0.010533,0.025909,0.023636,0.030225,0.064669,0.047549,0.067977,1,0,5,-1,1.437034,-2.889908,1.452873,2939954.666828,1.166667,0.0,1.166667,0.0,28.340057
12:30:51.315,0.060833,0.0285,0.064233,0.820073,-0.593179,0.81973,0.076,0.034667,0.074833,0.015167,0.006167,0.0106,0.025909,0.023636,0.030225,0.064286,0.047549,0.067602,1,0,5,-1,1.413595,-2.826162,1.412567,2939954.666828,1.166667,0.0,1.166667,0.0,28.340057
12:30:51.428,0.061533,0.028433,0.0644,0.869967,-0.598755,0.844451,0.075533,0.034333,0.074133,0.014,0.0059,0.009733,0.025909,0.023636,0.030225,0.064011,0.047549,0.067282,1,0,5,-1,1.494237,-2.911927,1.41769,2939954.666828,1.166667,0.0,1.166667,0.0,28.340057
12:30:51.522,0.058267,0.0271,0.061167,0.698493,-0.71027,0.669943,0.0723,0.032933,0.071,0.014033,0.005833,0.009833,0.025909,0.023636,0.030225,0.064011,0.047549,0.067282,1,0,5,-1,1.437312,-2.788975,1.351663,2939954.666828,1.166667,0.0,1.166667,0.0,28.340057
12:30:51.630,0.062433,0.0293,0.065733,0.925179,-0.526271,0.924456,0.0763,0.034933,0.075,0.013867,0.005633,0.009267,0.025909,0.023636,0.030225,0.063853,0.047549,0.067127,1,0,5,-1,1.452172,-2.902177,1.450005,2939954.666828,1.166667,0.0,1.166667,0.0,28.340057
12:30:51.725,0.057733,0.027133,0.061133,0.677441,-0.707482,0.675145,0.0728,0.0332,0.0715,0.015067,0.006067,0.010367,0.025909,0.023636,0.030225,0.063853,0.047549,0.067127,1,0,5,-1,1.387219,-2.76755,1.380331,2939954.666828,1.166667,0.0,1.166667,0.0,28.340057
12:30:51.831,0.060367,0.0284,0.0642,0.833086,-0.601543,0.856076,0.075133,0.034267,0.073833,0.014767,0.005867,0.009633,0.025909,0.023636,0.030225,0.063504,0.047549,0.066834,1,0,5,-1,1.411639,-2.892249,1.48061,2939954.666828,1.166667,0.0,1.166667,0.0,28.340057
12:30:51.959,0.059067,0.0272,0.0623,0.763927,-0.701906,0.752276,0.070667,0.0317,0.069467,0.0116,0.0045,0.007167,0.025909,0.023636,0.030225,0.063504,0.047549,0.066834,1,0,5,-1,1.477485,-2.920016,1.442531,2939954.666828,1.166667,0.0,1.166667,0.0,28.340057
12:30:52.052,0.0622,0.028733,0.065833,0.937338,-0.573664,0.950642,0.0744,0.0337,0.073367,0.0122,0.004967,0.007533,0.025909,0.023636,0.030225,0.063374,0.047549,0.066734,1,0,5,-1,1.497698,-3.035307,1.537609,2939954.666828,1.166667,0.0,1.166667,0.0,28.340057
12:30:52.159,0.063233,0.0292,0.066733,0.99325,-0.534634,0.99995,0.075667,0.0343,0.074467,0.012433,0.0051,0.007733,0.025909,0.023636,0.030225,0.06336,0.047549,0.066734,1,0,5,-1,1.521184,-3.062468,1.541284,2939954.666828,1.166667,0.0,1.166667,0.0,28.340057
12:30:52.269,0.0647,0.030333,0.068267,1.064189,-0.439847,1.075237,0.080333,0.036867,0.078933,0.015633,0.006533,0.010667,0.025909,0.023636,0.030225,0.063494,0.047549,0.066887,1,0,5,-1,1.492988,-3.019121,1.526133,2939954.666828,1.166667,0.0,1.166667,0.0,28.340057
12:30:52.362,0.061867,0.0292,0.065333,0.921736,-0.534634,0.92337,0.076867,0.035233,0.0756,0.015,0.006033,0.010267,0.025909,0.023636,0.030225,0.063331,0.047549,0.066732,1,0,5,-1,1.454736,-2.914375,1.459639,2939954.666828,1.166667,0.0,1.166667,0.0,28.340057
12:30:52.471,0.062133,0.0295,0.065633,0.942204,-0.509544,0.945662,0.0767,0.035333,0.075567,0.014567,0.005833,0.009933,0.025909,0.023636,0.030225,0.063211,0.047549,0.066622,1,0,5,-1,1.44829,-2.906953,1.458663,2939954.666828,1.166667,0.0,1.166667,0.0,28.340057
12:30:52.576,0.0617,0.0294,0.065533,0.926777,-0.517907,0.945989,0.076267,0.035133,0.075233,0.014567,0.005733,0.0097,0.025909,0.023636,0.030225,0.06306,0.047549,0.066513,1,0,5,-1,1.425472,-2.90858,1.483108,2939954.666828,1.166667,0.0,1.166667,0.0,28.340057
12:30:52.670,0.061667,0.029467,0.0657,0.93223,-0.512331,0.959567,0.076233,0.035167,0.075233,0.014567,0.0057,0.009533,0.025909,0.023636,0.030225,0.062921,0.047549,0.066432,1,0,5,-1,1.417225,-2.91646,1.499234,2939954.666828,1.166667,0.0,1.166667,0.0,28.340057
12:30:52.780,0.0626,0.0298,0.0661,0.984385,-0.484453,0.983481,0.076867,0.0355,0.0756,0.014267,0.0057,0.0095,0.025909,0.023636,0.030225,0.062889,0.047549,0.066399,1,0,5,-1,1.469741,-2.936772,1.467031,2939954.666828,1.166667,0.0,1.166667,0.0,28.340057
12:30:52.887,0.0635,0.030367,0.0667,1.029706,-0.43706,1.014977,0.077733,0.0361,0.076367,0.014233,0.005733,0.009667,0.025909,0.023636,0.030225,0.06295,0.047549,0.066429,1,0,5,-1,1.481493,-2.918802,1.437309,2939954.666828,1.166667,0.0,1.166667,0.0,28.340057
12:30:53.005,0.0663,0.031033,0.068867,1.161344,-0.381303,1.120393,0.0776,0.035467,0.076067,0.0113,0.004433,0.0072,0.025909,0.023636,0.030225,0.063285,0.047549,0.066673,1,0,5,-1,1.583597,-3.044343,1.460746,2939954.666828,1.166667,0.0,1.166667,0.0,28.340057
12:30:53.107,0.064033,0.029967,0.067033,1.035975,-0.470514,1.017794,0.0772,0.0352,0.075933,0.013167,0.005233,0.0089,0.025909,0.023636,0.030225,0.06336,0.047549,0.066709,1,0,5,-1,1.524669,-2.994797,1.470128,2939954.666828,1.166667,0.0,1.166667,0.0,28.340057
12:30:53.206,0.0633,0.0294,0.066567,0.99713,-0.517908,0.992988,0.076533,0.034767,0.075567,0.013233,0.005367,0.009,0.025909,0.023636,0.030225,0.063354,0.047549,0.066695,1,0,5,-1,1.51918,-3.025933,1.506753,2939954.666828,1.166667,0.0,1.166667,0.0,28.340057
12:30:53.311,0.064367,0.030567,0.0679,1.048563,-0.420332,1.059303,0.0807,0.037367,0.0798,0.016333,0.0068,0.0119,0.025909,0.023636,0.030225,0.063455,0.047549,0.066815,1,0,5,-1,1.458154,-2.948529,1.490375,2939954.666828,1.166667,0.0,1.166667,0.0,28.340057
12:30:53.418,0.065267,0.031067,0.068867,1.086437,-0.378514,1.100364,0.080533,0.037333,0.0797,0.015267,0.006267,0.010833,0.025909,0.023636,0.030225,0.063636,0.047549,0.06702,1,0,5,-1,1.451024,-2.943829,1.492805,2939954.666828,1.166667,0.0,1.166667,0.0,28.340057
12:30:53.519,0.064833,0.030833,0.068267,1.056938,-0.398029,1.06077,0.080133,0.0371,0.079133,0.0153,0.006267,0.010867,0.025909,0.023636,0.030225,0.063756,0.047549,0.067145,1,0,5,-1,1.451134,-2.913765,1.462631,2939954.666828,1.166667,0.0,1.166667,0.0,28.340057
12:30:53.624,0.065033,0.031,0.0684,1.060552,-0.38409,1.060986,0.0802,0.0371,0.0791,0.015167,0.0061,0.0107,0.025909,0.023636,0.030225,0.063884,0.047549,0.06727,1,0,5,-1,1.444207,-2.889719,1.445511,2939954.666828,1.166667,0.0,1.166667,0.0,28.340057
12:30:53.720,0.061833,0.029167,0.0651,0.902287,-0.537423,0.893921,0.077067,0.0354,0.075967,0.015233,0.006233,0.010867,0.025909,0.023636,0.030225,0.063679,0.047549,0.067053,1,0,5,-1,1.448075,-2.871053,1.422978,2939954.666828,1.166667,0.0,1.166667,0.0,28.340057
12:30:53.829,0.062467,0.029633,0.066233,0.942056,-0.498392,0.959832,0.0774,0.0357,0.076467,0.014933,0.006067,0.010233,0.025909,0.023636,0.030225,0.063557,0.047549,0.066971,1,0,5,-1,1.422672,-2.898673,1.476001,2939954.666828,1.166667,0.0,1.166667,0.0,28.340057
12:30:53.934,0.062133,0.029233,0.066267,0.931655,-0.531847,0.965416,0.077167,0.0355,0.076433,0.015033,0.006267,0.010167,0.025909,0.023636,0.030225,0.063415,0.047549,0.066901,1,0,5,-1,1.429742,-2.960764,1.531023,2939954.666828,1.166667,0.0,1.166667,0.0,28.340057
12:30:54.052,0.063267,0.029333,0.067,0.992879,-0.523484,1.004865,0.0755,0.034333,0.074633,0.012233,0.005,0.007633,0.025909,0.023636,0.030225,0.0634,0.047549,0.066911,1,0,5,-1,1.504377,-3.044711,1.540334,2939954.666828,1.166667,0.0,1.166667,0.0,28.340057
12:30:54.147,0.0625,0.028667,0.0657,0.956679,-0.579241,0.940395,0.075933,0.034367,0.0747,0.013433,0.0057,0.009,0.025909,0.023636,0.030225,0.06331,0.047549,0.06679,1,0,5,-1,1.552203,-3.055555,1.503353,2939954.666828,1.166667,0.0,1.166667,0.0,28.340057
12:30:54.251,0.062733,0.0286,0.065533,0.972198,-0.584817,0.937939,0.076133,0.034433,0.074633,0.0134,0.005833,0.0091,0.025909,0.023636,0.030225,0.063252,0.047549,0.066664,1,0,5,-1,1.591273,-3.07977,1.488497,2939954.666828,1.166667,0.0,1.166667,0.0,28.340057
12:30:54.355,0.064633,0.030067,0.067633,1.066315,-0.46215,1.047753,0.0807,0.037,0.079233,0.016067,0.006933,0.0116,0.025909,0.023636,0.030225,0.063391,0.047549,0.066761,1,0,5,-1,1.547027,-3.038368,1.491341,2939954.666828,1.166667,0.0,1.166667,0.0,28.340057
12:30:54.460,0.065233,0.030633,0.068133,1.088066,-0.414756,1.067358,0.080367,0.037033,0.078967,0.015133,0.0064,0.010833,0.025909,0.023636,0.030225,0.063575,0.047549,0.066898,1,0,5,-1,1.523529,-2.984936,1.461407,2939954.666828,1.166667,0.0,1.166667,0.0,28.340057
12:30:54.564,0.065733,0.031267,0.0687,1.102566,-0.361787,1.088004,0.080733,0.037367,0.079133,0.015,0.0061,0.010433,0.025909,0.023636,0.030225,0.063791,0.047549,0.067078,1,0,5,-1,1.478914,-2.914144,1.43523,2939954.666828,1.166667,0.0,1.166667,0.0,28.340057
12:30:54.662,0.062733,0.0298,0.0656,0.949618,-0.484454,0.927501,0.0778,0.035933,0.0761,0.015067,0.006133,0.0105,0.025909,0.023636,0.030225,0.063685,0.047549,0.066931,1,0,5,-1,1.45619,-2.846026,1.389837,2939954.666828,1.166667,0.0,1.166667,0.0,28.340057
12:30:54.769,0.062333,0.029467,0.065567,0.935365,-0.512332,0.932866,0.077267,0.035433,0.075533,0.014933,0.005967,0.009967,0.025909,0.023636,0.030225,0.06355,0.047549,0.066794,1,0,5,-1,1.450196,-2.892895,1.4427,2939954.666828,1.166667,0.0,1.166667,0.0,28.340057
12:30:54.873,0.061333,0.0286,0.0645,0.893381,-0.584816,0.886362,0.076333,0.034733,0.074867,0.015,0.006133,0.010367,0.025909,0.023636,0.030225,0.063328,0.047549,0.066565,1,0,5,-1,1.485215,-2.949374,1.464159,2939954.666828,1.166667,0.0,1.166667,0.0,28.340057
12:30:54.978,0.0645,0.029967,0.067667,1.056196,-0.470513,1.054416,0.079567,0.036333,0.078,0.015067,0.006367,0.010333,0.025909,0.023636,0.030225,0.063445,0.047549,0.066675,1,0,5,-1,1.52849,-3.051639,1.523149,2939954.666828,1.166667,0.0,1.166667,0.0,28.340057
12:30:55.105,0.063467,0.029033,0.065933,1.001024,-0.548574,0.963302,0.075433,0.034067,0.074,0.011967,0.005033,0.008067,0.025909,0.023636,0.030225,0.063447,0.047549,0.066601,1,0,5,-1,1.58732,-3.061473,1.474153,2939954.666828,1.166667,0.0,1.166667,0.0,28.340057
12:30:55.197,0.062567,0.028767,0.065567,0.957665,-0.570877,0.948682,0.075467,0.034267,0.074133,0.0129,0.0055,0.008567,0.025909,0.023636,0.030225,0.063359,0.047549,0.066497,1,0,5,-1,1.537526,-3.048101,1.510575,2939954.666828,1.166667,0.0,1.166667,0.0,28.340057
12:30:55.302,0.0621,0.0287,0.0652,0.939265,-0.576452,0.935387,0.074867,0.033867,0.073633,0.012767,0.005167,0.008433,0.025909,0.023636,0.030225,0.063233,0.047549,0.066368,1,0,5,-1,1.519594,-3.027556,1.507962,2939954.666828,1.166667,0.0,1.166667,0.0,28.340057
12:30:55.418,0.059633,0.027767,0.062933,0.824689,-0.654512,0.82732,0.0756,0.0344,0.074167,0.015967,0.006633,0.011233,0.025909,0.023636,0.030225,0.062873,0.047549,0.066024,1,0,5,-1,1.476571,-2.961033,1.484462,2939954.666828,1.166667,0.0,1.166667,0.0,28.340057
12:30:55.511,0.061533,0.028533,0.0641,0.934505,-0.590391,0.902727,0.0754,0.034167,0.0737,0.013867,0.005633,0.0096,0.025909,0.023636,0.030225,0.062739,0.047549,0.065832,1,0,5,-1,1.556675,-3.018014,1.461339,2939954.666828,1.166667,0.0,1.166667,0.0,28.340057
12:30:55.616,0.062533,0.029333,0.065033,0.989923,-0.523484,0.959546,0.0764,0.034967,0.074567,0.013867,0.005633,0.009533,0.025909,0.023636,0.030225,0.062719,0.047549,0.065752,1,0,5,-1,1.543783,-2.996436,1.452652,2939954.666828,1.166667,0.0,1.166667,0.0,28.340057
12:30:55.719,0.065967,0.0312,0.068733,1.157433,-0.367363,1.149799,0.079833,0.036767,0.078167,0.013867,0.005567,0.009433,0.025909,0.023636,0.030225,0.063044,0.047549,0.06605,1,0,5,-1,1.532431,-3.041959,1.509529,2939954.666828,1.166667,0.0,1.166667,0.0,28.340057
12:30:55.824,0.0655,0.031167,0.068567,1.118288,-0.370151,1.125564,0.080533,0.037167,0.079067,0.015033,0.006,0.0105,0.025909,0.023636,0.030225,0.063289,0.047549,0.066302,1,0,5,-1,1.481163,-2.984153,1.502991,2939954.666828,1.166667,0.0,1.166667,0.0,28.340057
12:30:55.926,0.065067,0.030767,0.068267,1.085187,-0.403605,1.097508,0.0801,0.036833,0.078833,0.015033,0.006067,0.010567,0.025909,0.023636,0.030225,0.063467,0.047549,0.066498,1,0,5,-1,1.476471,-2.989905,1.513434,2939954.666828,1.166667,0.0,1.166667,0.0,28.340057
12:30:56.031,0.065533,0.031,0.068833,1.098492,-0.38409,1.115136,0.0806,0.037167,0.079467,0.015067,0.006167,0.010633,0.025909,0.023636,0.030225,0.063674,0.047549,0.066732,1,0,5,-1,1.465939,-2.981809,1.51587,2939954.666828,1.166667,0.0,1.166667,0.0,28.340057
12:30:56.151,0.064433,0.0299,0.0674,1.036139,-0.47609,1.03289,0.076367,0.034767,0.075333,0.011933,0.004867,0.007933,0.025909,0.023636,0.030225,0.06375,0.047549,0.066799,1,0,5,-1,1.515478,-3.021208,1.50573,2939954.666828,1.166667,0.0,1.166667,0.0,28.340057
12:30:56.248,0.063933,0.029467,0.067067,1.008737,-0.512332,1.013186,0.076567,0.0348,0.075433,0.012633,0.005333,0.008367,0.025909,0.023636,0.030225,0.063768,0.047549,0.066825,1,0,5,-1,1.51662,-3.046587,1.529967,2939954.666828,1.166667,0.0,1.166667,0.0,28.340057
12:30:56.354,0.063933,0.0296,0.067133,1.007859,-0.50118,1.015133,0.076533,0.034867,0.075367,0.0126,0.005267,0.008233,0.025909,0.023636,0.030225,0.063784,0.047549,0.066856,1,0,5,-1,1.501766,-3.025353,1.523587,2939954.666828,1.166667,0.0,1.166667,0.0,28.340057
12:30:56.460,0.065,0.030733,0.068633,1.057582,-0.406393,1.086907,0.080733,0.037267,0.079533,0.015733,0.006533,0.0109,0.025909,0.023636,0.030225,0.063906,0.047549,0.067034,1,0,5,-1,1.43465,-2.957275,1.522626,2939954.666828,1.166667,0.0,1.166667,0.0,28.340057
12:30:56.570,0.064867,0.0308,0.0684,1.045393,-0.400817,1.06656,0.0799,0.036867,0.0789,0.015033,0.006067,0.0105,0.025909,0.023636,0.030225,0.064002,0.047549,0.06717,1,0,5,-1,1.425044,-2.913587,1.488543,2939954.666828,1.166667,0.0,1.166667,0.0,28.340057
12:30:56.671,0.064767,0.030733,0.0684,1.036056,-0.406393,1.059705,0.079767,0.0367,0.078867,0.015,0.005967,0.010467,0.025909,0.023636,0.030225,0.064079,0.047549,0.067293,1,0,5,-1,1.418799,-2.908547,1.489748,2939954.666828,1.166667,0.0,1.166667,0.0,28.340057
12:30:56.777,0.064667,0.0307,0.068433,1.027693,-0.40918,1.055184,0.079633,0.0367,0.078833,0.014967,0.006,0.0104,0.025909,0.023636,0.030225,0.064137,0.047549,0.067407,1,0,5,-1,1.409382,-2.901237,1.491855,2939954.666828,1.166667,0.0,1.166667,0.0,28.340057
12:30:56.882,0.0651,0.031167,0.069133,1.045214,-0.370151,1.083166,0.0801,0.037133,0.0794,0.015,0.005967,0.010267,0.025909,0.023636,0.030225,0.064234,0.047549,0.06758,1,0,5,-1,1.377413,-2.868681,1.491268,2939954.666828,1.166667,0.0,1.166667,0.0,28.340057
12:30:56.988,0.0653,0.0309,0.069133,1.049947,-0.392453,1.074539,0.080333,0.0371,0.079533,0.015033,0.0062,0.0104,0.025909,0.023636,0.030225,0.06434,0.047549,0.067735,1,0,5,-1,1.417809,-2.909393,1.491585,2939954.666828,1.166667,0.0,1.166667,0.0,28.340057
12:30:57.093,0.065367,0.030733,0.068833,1.047947,-0.406393,1.052536,0.0805,0.0371,0.079467,0.015133,0.006367,0.010633,0.025909,0.023636,0.030225,0.064443,0.047549,0.067845,1,0,5,-1,1.449751,-2.913268,1.463517,2939954.666828,1.166667,0.0,1.166667,0.0,28.340057
12:30:57.210,0.063733,0.0291,0.066633,0.966794,-0.542999,0.941831,0.076167,0.034367,0.075,0.012433,0.005267,0.008367,0.025909,0.023636,0.030225,0.064372,0.047549,0.067724,1,0,5,-1,1.534756,-2.994623,1.459867,2939954.666828,1.166667,0.0,1.166667,0.0,28.340057
12:30:57.306,0.0631,0.028833,0.065933,0.940278,-0.565302,0.913634,0.076367,0.034567,0.0749,0.013267,0.005733,0.008967,0.025909,0.023636,0.030225,0.064245,0.047549,0.067545,1,0,5,-1,1.532223,-2.984515,1.452293,2939954.666828,1.166667,0.0,1.166667,0.0,28.340057
12:30:57.411,0.062567,0.028833,0.066067,0.920861,-0.565301,0.928419,0.0757,0.0342,0.0743,0.013133,0.005367,0.008233,0.025909,0.023636,0.030225,0.064077,0.047549,0.067397,1,0,5,-1,1.478606,-2.979883,1.501277,2939954.666828,1.166667,0.0,1.166667,0.0,28.340057
12:30:57.515,0.0638,0.029967,0.067567,0.98693,-0.470513,1.008209,0.0796,0.036433,0.078067,0.0158,0.006467,0.0105,0.025909,0.023636,0.030225,0.064049,0.047549,0.067414,1,0,5,-1,1.436165,-2.936165,1.500001,2939954.666828,1.166667,0.0,1.166667,0.0,28.340057
12:30:57.621,0.064433,0.0303,0.0681,1.018109,-0.442634,1.033141,0.0795,0.036367,0.078167,0.015067,0.006067,0.010067,0.025909,0.023636,0.030225,0.064088,0.047549,0.067483,1,0,5,-1,1.445711,-2.936519,1.490808,2939954.666828,1.166667,0.0,1.166667,0.0,28.340057
12:30:57.723,0.065,0.030633,0.067967,1.042913,-0.414757,1.023355,0.080267,0.037067,0.078767,0.015267,0.006433,0.0108,0.025909,0.023636,0.030225,0.064179,0.047549,0.067531,1,0,5,-1,1.477228,-2.895781,1.418553,2939954.666828,1.166667,0.0,1.166667,0.0,28.340057
12:30:57.825,0.065567,0.030967,0.0683,1.06504,-0.386878,1.037027,0.080833,0.037467,0.079267,0.015267,0.0065,0.010967,0.025909,0.023636,0.030225,0.064318,0.047549,0.067608,1,0,5,-1,1.479931,-2.875823,1.395892,2939954.666828,1.166667,0.0,1.166667,0.0,28.340057
12:30:57.929,0.065633,0.031,0.0682,1.061449,-0.384091,1.028464,0.080867,0.037467,0.0792,0.015233,0.006467,0.011,0.025909,0.023636,0.030225,0.064449,0.047549,0.067667,1,0,5,-1,1.478525,-2.858094,1.379569,2939954.666828,1.166667,0.0,1.166667,0.0,28.340057
12:30:58.032,0.065533,0.030633,0.068133,1.050491,-0.414757,1.022384,0.080733,0.037067,0.0791,0.0152,0.006433,0.010967,0.025909,0.023636,0.030225,0.064558,0.047549,0.067714,1,0,5,-1,1.493355,-2.902389,1.409034,2939954.666828,1.166667,0.0,1.166667,0.0,28.340057
12:30:58.141,0.064867,0.0302,0.067567,1.014381,-0.450999,0.992935,0.0802,0.036633,0.0786,0.015333,0.006433,0.011033,0.025909,0.023636,0.030225,0.064589,0.047549,0.067699,1,0,5,-1,1.486825,-2.909313,1.422488,2939954.666828,1.166667,0.0,1.166667,0.0,28.340057
12:30:58.263,0.063433,0.0289,0.0662,0.946079,-0.559725,0.927706,0.075633,0.034033,0.074333,0.0122,0.005133,0.008133,0.025909,0.023636,0.030225,0.064473,0.047549,0.067549,1,0,5,-1,1.524178,-2.993235,1.469057,2939954.666828,1.166667,0.0,1.166667,0.0,28.340057
12:30:58.359,0.062333,0.0284,0.065733,0.89957,-0.601543,0.912001,0.0753,0.0339,0.074167,0.012967,0.0055,0.008433,0.025909,0.023636,0.030225,0.064259,0.047549,0.067368,1,0,5,-1,1.488682,-3.014657,1.525975,2939954.666828,1.166667,0.0,1.166667,0.0,28.340057
12:30:58.465,0.0629,0.0287,0.0664,0.935985,-0.576452,0.952987,0.0758,0.0341,0.074733,0.0129,0.0054,0.008333,0.025909,0.023636,0.030225,0.064123,0.047549,0.067271,1,0,5,-1,1.495435,-3.041877,1.546442,2939954.666828,1.166667,0.0,1.166667,0.0,28.340057
12:30:58.569,0.0648,0.030467,0.068367,1.031826,-0.428695,1.05309,0.0808,0.0371,0.079333,0.016,0.006633,0.010967,0.025909,0.023636,0.030225,0.064191,0.047549,0.06738,1,0,5,-1,1.439257,-2.942307,1.503049,2939954.666828,1.166667,0.0,1.166667,0.0,28.340057
12:30:58.673,0.066333,0.031233,0.069333,1.10018,-0.364575,1.094118,0.081533,0.037633,0.08,0.0152,0.0064,0.010667,0.025909,0.023636,0.030225,0.064405,0.047549,0.067576,1,0,5,-1,1.470818,-2.923448,1.45263,2939954.666828,1.166667,0.0,1.166667,0.0,28.340057
12:30:58.777,0.0659,0.031133,0.0691,1.06963,-0.372938,1.073163,0.081033,0.0375,0.079433,0.015133,0.006367,0.010333,0.025909,0.023636,0.030225,0.064555,0.047549,0.067728,1,0,5,-1,1.439035,-2.888669,1.449634,2939954.666828,1.166667,0.0,1.166667,0.0,28.340057
12:30:58.880,0.065233,0.030733,0.068633,1.031559,-0.406393,1.043344,0.0803,0.036933,0.078867,0.015067,0.0062,0.010233,0.025909,0.023636,0.030225,0.064622,0.047549,0.067819,1,0,5,-1,1.426167,-2.887688,1.461521,2939954.666828,1.166667,0.0,1.166667,0.0,28.340057
12:30:58.984,0.065067,0.031,0.068467,1.020631,-0.38409,1.030975,0.080067,0.0368,0.078467,0.015,0.0058,0.01,0.025909,0.023636,0.030225,0.064667,0.047549,0.067883,1,0,5,-1,1.394376,-2.819785,1.425409,2939954.666828,1.166667,0.0,1.166667,0.0,28.340057
12:30:59.092,0.066133,0.031667,0.069167,1.06785,-0.328333,1.061128,0.081133,0.0375,0.079367,0.015,0.005833,0.0102,0.025909,0.023636,0.030225,0.064814,0.047549,0.068012,1,0,5,-1,1.402906,-2.785645,1.38274,2939954.666828,1.166667,0.0,1.166667,0.0,28.340057
12:30:59.195,0.0663,0.031967,0.0692,1.068515,-0.303243,1.056425,0.0814,0.037933,0.079667,0.0151,0.005967,0.010467,0.025909,0.023636,0.030225,0.064962,0.047549,0.068131,1,0,5,-1,1.383847,-2.731425,1.347578,2939954.666828,1.166667,0.0,1.166667,0.0,28.340057
12:30:59.315,0.0645,0.030433,0.067367,0.978673,-0.431484,0.963651,0.0765,0.035133,0.075133,0.012,0.0047,0.007767,0.025909,0.023636,0.030225,0.064916,0.047549,0.068054,1,0,5,-1,1.425179,-2.805293,1.380114,2939954.666828,1.166667,0.0,1.166667,0.0,28.340057
12:30:59.410,0.0629,0.029233,0.066167,0.906489,-0.531847,0.909736,0.075667,0.034567,0.0745,0.012767,0.005333,0.008333,0.025909,0.023636,0.030225,0.064714,0.047549,0.067865,1,0,5,-1,1.435088,-2.87992,1.444831,2939954.666828,1.166667,0.0,1.166667,0.0,28.340057
12:30:59.515,0.0624,0.0288,0.066033,0.892003,-0.568089,0.911958,0.075133,0.0341,0.074067,0.012733,0.0053,0.008033,0.025909,0.023636,0.030225,0.064483,0.047549,0.067682,1,0,5,-1,1.440136,-2.940139,1.500002,2939954.666828,1.166667,0.0,1.166667,0.0,28.340057
12:30:59.619,0.063567,0.029733,0.067567,0.957142,-0.490029,0.994445,0.0794,0.036367,0.078267,0.015833,0.006633,0.0107,0.025909,0.023636,0.030225,0.064391,0.047549,0.067671,1,0,5,-1,1.409868,-2.931644,1.521776,2939954.666828,1.166667,0.0,1.166667,0.0,28.340057
12:30:59.723,0.0645,0.030467,0.0684,1.005084,-0.428695,1.03499,0.0797,0.036567,0.0787,0.0152,0.0061,0.0103,0.025909,0.023636,0.030225,0.064402,0.047549,0.067744,1,0,5,-1,1.403874,-2.897465,1.493591,2939954.666828,1.166667,0.0,1.166667,0.0,28.340057
12:30:59.828,0.0647,0.030633,0.0684,1.013918,-0.414756,1.031437,0.0799,0.036933,0.078967,0.0152,0.0063,0.010567,0.025909,0.023636,0.030225,0.064432,0.047549,0.067809,1,0,5,-1,1.411154,-2.874867,1.463712,2939954.666828,1.166667,0.0,1.166667,0.0,28.340057
12:30:59.932,0.065067,0.0309,0.068533,1.029611,-0.392454,1.034612,0.080267,0.037233,0.079233,0.0152,0.006333,0.0107,0.025909,0.023636,0.030225,0.064495,0.047549,0.067882,1,0,5,-1,1.417062,-2.84913,1.432067,2939954.666828,1.166667,0.0,1.166667,0.0,28.340057
12:31:00.038,0.064867,0.030867,0.0689,1.017302,-0.395242,1.048546,0.079933,0.0372,0.079233,0.015067,0.006333,0.010333,0.025909,0.023636,0.030225,0.064533,0.047549,0.067983,1,0,5,-1,1.3813,-2.856332,1.475032,2939954.666828,1.166667,0.0,1.166667,0.0,28.340057
12:31:00.141,0.0648,0.0307,0.068933,1.012457,-0.40918,1.045167,0.08,0.0371,0.079367,0.0152,0.0064,0.010433,0.025909,0.023636,0.030225,0.064559,0.047549,0.068078,1,0,5,-1,1.388927,-2.875985,1.487059,2939954.666828,1.166667,0.0,1.166667,0.0,28.340057
12:31:00.246,0.0649,0.0307,0.069167,1.015854,-0.40918,1.051598,0.080067,0.037,0.079433,0.015167,0.0063,0.010267,0.025909,0.023636,0.030225,0.064593,0.047549,0.068187,1,0,5,-1,1.389291,-2.885813,1.496522,2939954.666828,1.166667,0.0,1.166667,0.0,28.340057
12:31:00.370,0.064633,0.030067,0.068033,1.00186,-0.46215,0.992698,0.076567,0.034933,0.075633,0.011933,0.004867,0.0076,0.025909,0.023636,0.030225,0.064597,0.047549,0.068172,1,0,5,-1,1.473173,-2.918859,1.445685,2939954.666828,1.166667,0.0,1.166667,0.0,28.340057
12:31:00.465,0.063567,0.029367,0.0667,0.951919,-0.520695,0.929909,0.076433,0.034533,0.075167,0.012867,0.005167,0.008467,0.025909,0.023636,0.030225,0.064494,0.047549,0.068025,1,0,5,-1,1.494624,-2.923218,1.428594,2939954.666828,1.166667,0.0,1.166667,0.0,28.340057
12:31:00.570,0.0628,0.028867,0.066033,0.920613,-0.562513,0.904669,0.075833,0.034333,0.074667,0.013033,0.005467,0.008633,0.025909,0.023636,0.030225,0.064325,0.047549,0.067826,1,0,5,-1,1.499069,-2.950307,1.451238,2939954.666828,1.166667,0.0,1.166667,0.0,28.340057
12:31:00.674,0.063233,0.029267,0.066667,0.948711,-0.529058,0.94435,0.0796,0.036267,0.0784,0.016367,0.007,0.011733,0.025909,0.023636,0.030225,0.064216,0.047549,0.06771,1,0,5,-1,1.48213,-2.951177,1.469047,2939954.666828,1.166667,0.0,1.166667,0.0,28.340057
12:31:00.779,0.0646,0.030133,0.068,1.018041,-0.456574,1.013931,0.0799,0.0366,0.078867,0.0153,0.006467,0.010867,0.025909,0.023636,0.030225,0.064254,0.047549,0.067739,1,0,5,-1,1.478725,-2.94512,1.466395,2939954.666828,1.166667,0.0,1.166667,0.0,28.340057
12:31:00.885,0.065433,0.030533,0.068367,1.055186,-0.42312,1.030082,0.080567,0.036867,0.079367,0.015133,0.006333,0.011,0.025909,0.023636,0.030225,0.064372,0.047549,0.067801,1,0,5,-1,1.50341,-2.931508,1.428098,2939954.666828,1.166667,0.0,1.166667,0.0,28.340057
12:31:00.989,0.0655,0.030767,0.0683,1.052633,-0.403605,1.023849,0.080667,0.0371,0.0793,0.015167,0.006333,0.011,0.025909,0.023636,0.030225,0.064485,0.047549,0.067851,1,0,5,-1,1.485022,-2.883692,1.398669,2939954.666828,1.166667,0.0,1.166667,0.0,28.340057
12:31:01.096,0.065467,0.030533,0.0683,1.045698,-0.42312,1.021439,0.080667,0.0371,0.079267,0.0152,0.006567,0.010967,0.025909,0.023636,0.030225,0.064583,0.047549,0.067896,1,0,5,-1,1.493078,-2.913377,1.420299,2939954.666828,1.166667,0.0,1.166667,0.0,28.340057
12:31:01.199,0.065333,0.0306,0.068267,1.034855,-0.417544,1.017685,0.080567,0.037133,0.079167,0.015233,0.006533,0.0109,0.025909,0.023636,0.030225,0.064658,0.047549,0.067933,1,0,5,-1,1.46957,-2.887629,1.418059,2939954.666828,1.166667,0.0,1.166667,0.0,28.340057
12:31:01.300,0.064833,0.030067,0.0677,1.008139,-0.46215,0.98886,0.080067,0.036633,0.078767,0.015233,0.006567,0.011067,0.025909,0.023636,0.030225,0.064676,0.047549,0.06791,1,0,5,-1,1.48957,-2.921299,1.43173,2939954.666828,1.166667,0.0,1.166667,0.0,28.340057
12:31:01.427,0.063033,0.028867,0.065467,0.923423,-0.562513,0.882536,0.0751,0.033867,0.073833,0.012067,0.005,0.008367,0.025909,0.023636,0.030225,0.064511,0.047549,0.067666,1,0,5,-1,1.526822,-2.930985,1.404163,2939954.666828,1.166667,0.0,1.166667,0.0,28.340057
12:31:01.514,0.058467,0.026367,0.061067,0.68682,-0.771602,0.647494,0.071167,0.0319,0.0699,0.0127,0.005533,0.008833,0.025909,0.023636,0.030225,0.064511,0.047549,0.067666,1,0,5,-1,1.497747,-2.877519,1.379772,2939954.666828,1.166667,0.0,1.166667,0.0,28.340057
12:31:01.615,0.055233,0.024867,0.058367,0.519297,-0.906872,0.503265,0.067467,0.030033,0.066267,0.012233,0.005167,0.0079,0.025909,0.023759,0.030225,0.064511,0.047549,0.067666,1,0,5,-1,1.442201,-2.836305,1.394104,2939954.666828,1.166667,0.0,1.166667,0.0,28.340057
12:31:01.724,0.057767,0.0268,0.061567,0.650552,-0.744339,0.674205,0.072933,0.033133,0.0715,0.015167,0.006333,0.009933,0.025909,0.023759,0.030225,0.064511,0.047549,0.067666,1,0,5,-1,1.371237,-2.813434,1.442197,2939954.666828,1.166667,0.0,1.166667,0.0,28.340057
12:31:01.828,0.062967,0.029733,0.0665,0.927682,-0.497738,0.943788,0.077467,0.035533,0.0759,0.0145,0.0058,0.0094,0.025909,0.023759,0.030225,0.064357,0.047549,0.067549,1,0,5,-1,1.409315,-2.866947,1.457632,2939954.666828,1.166667,0.0,1.166667,0.0,28.340057
12:31:01.932,0.0672,0.0322,0.0703,1.13213,-0.290369,1.131701,0.082167,0.038267,0.080367,0.014967,0.006067,0.010067,0.025909,0.023759,0.030225,0.064641,0.047549,0.067824,1,0,5,-1,1.422927,-2.844569,1.421641,2939954.666828,1.166667,0.0,1.166667,0.0,28.340057
12:31:02.035,0.066533,0.031867,0.0695,1.087507,-0.318392,1.079876,0.0817,0.038,0.0801,0.015167,0.006133,0.0106,0.025909,0.023759,0.030225,0.06483,0.047549,0.067992,1,0,5,-1,1.413529,-2.804167,1.390637,2939954.666828,1.166667,0.0,1.166667,0.0,28.340057
12:31:02.139,0.065867,0.031367,0.069033,1.047798,-0.360426,1.049509,0.081033,0.037467,0.079633,0.015167,0.0061,0.0106,0.025909,0.023759,0.030225,0.064934,0.047549,0.068096,1,0,5,-1,1.406512,-2.818159,1.411647,2939954.666828,1.166667,0.0,1.166667,0.0,28.340057
12:31:02.242,0.065967,0.0313,0.069067,1.047504,-0.36603,1.046024,0.081067,0.037367,0.0796,0.0151,0.006067,0.010533,0.025909,0.023759,0.030225,0.065037,0.047549,0.068193,1,0,5,-1,1.415014,-2.825589,1.410575,2939954.666828,1.166667,0.0,1.166667,0.0,28.340057
12:31:02.346,0.065733,0.031133,0.068667,1.031963,-0.380042,1.022431,0.080867,0.037233,0.0793,0.015133,0.0061,0.010633,0.025909,0.023759,0.030225,0.065107,0.047549,0.06824,1,0,5,-1,1.421538,-2.814478,1.39294,2939954.666828,1.166667,0.0,1.166667,0.0,28.340057
12:31:02.469,0.064467,0.0299,0.067233,0.970551,-0.483727,0.952193,0.076533,0.034833,0.075233,0.012067,0.004933,0.008,0.025909,0.023759,0.030225,0.065043,0.047549,0.06814,1,0,5,-1,1.472637,-2.890198,1.417561,2939954.666828,1.166667,0.0,1.166667,0.0,28.340057
12:31:02.563,0.063133,0.029033,0.066167,0.911738,-0.556586,0.905843,0.0762,0.0345,0.075,0.013067,0.005467,0.008833,0.025909,0.023759,0.030225,0.064852,0.047549,0.067942,1,0,5,-1,1.474218,-2.930753,1.456535,2939954.666828,1.166667,0.0,1.166667,0.0,28.340057
12:31:02.668,0.062733,0.028667,0.066,0.901539,-0.587412,0.906825,0.075733,0.034167,0.0747,0.013,0.0055,0.0087,0.025909,0.023759,0.030225,0.06464,0.047549,0.067748,1,0,5,-1,1.483664,-2.983187,1.499523,2939954.666828,1.166667,0.0,1.166667,0.0,28.340057
12:31:02.772,0.0639,0.029933,0.0675,0.965541,-0.480924,0.988091,0.080033,0.036633,0.078767,0.016133,0.0067,0.011267,0.025909,0.023759,0.030225,0.064566,0.047549,0.067723,1,0,5,-1,1.423914,-2.91548,1.491566,2939954.666828,1.166667,0.0,1.166667,0.0,28.340057
12:31:02.876,0.0641,0.03,0.0676,0.978273,-0.475319,0.99408,0.0792,0.036233,0.077967,0.0151,0.006233,0.010367,0.025909,0.023759,0.030225,0.064519,0.047549,0.067711,1,0,5,-1,1.437784,-2.922991,1.485207,2939954.666828,1.166667,0.0,1.166667,0.0,28.340057
12:31:02.990,0.0645,0.0302,0.068333,0.999093,-0.458505,1.029837,0.0796,0.036433,0.078533,0.0151,0.006233,0.0102,0.025909,0.023759,0.030225,0.064518,0.047549,0.067773,1,0,5,-1,1.426855,-2.945941,1.519085,2939954.666828,1.166667,0.0,1.166667,0.0,28.340057
12:31:03.086,0.065133,0.0305,0.068567,1.028666,-0.433285,1.037959,0.080267,0.0368,0.079033,0.015133,0.0063,0.010467,0.025909,0.023759,0.030225,0.064579,0.047549,0.067853,1,0,5,-1,1.452658,-2.933195,1.480536,2939954.666828,1.166667,0.0,1.166667,0.0,28.340057
12:31:03.180,0.0616,0.0288,0.065067,0.860253,-0.576202,0.865736,0.076833,0.0351,0.075767,0.015233,0.0063,0.0107,0.025909,0.023759,0.030225,0.064281,0.047549,0.067574,1,0,5,-1,1.430971,-2.878394,1.447422,2939954.666828,1.166667,0.0,1.166667,0.0,28.340057
12:31:03.294,0.062433,0.029,0.0657,0.912899,-0.559389,0.909231,0.076267,0.034833,0.075,0.013833,0.005833,0.0093,0.025909,0.023759,0.030225,0.064096,0.047549,0.067387,1,0,5,-1,1.475955,-2.940907,1.464952,2939954.666828,1.166667,0.0,1.166667,0.0,28.340057
12:31:03.394,0.061833,0.028933,0.065467,0.892692,-0.564993,0.906522,0.075467,0.0344,0.074267,0.013633,0.005467,0.0088,0.025909,0.023759,0.030225,0.06387,0.047549,0.067195,1,0,5,-1,1.443854,-2.929199,1.485345,2939954.666828,1.166667,0.0,1.166667,0.0,28.340057
12:31:03.509,0.064367,0.029567,0.067533,1.023516,-0.51175,1.016479,0.074933,0.0339,0.073667,0.010567,0.004333,0.006133,0.025909,0.023759,0.030225,0.06392,0.047549,0.067228,1,0,5,-1,1.542303,-3.063495,1.521192,2939954.666828,1.166667,0.0,1.166667,0.0,28.340057
12:31:03.605,0.063067,0.0293,0.066167,0.959512,-0.534168,0.948202,0.075933,0.034567,0.074467,0.012867,0.005267,0.0083,0.025909,0.023759,0.030225,0.063834,0.047549,0.067122,1,0,5,-1,1.504991,-2.976051,1.471059,2939954.666828,1.166667,0.0,1.166667,0.0,28.340057
12:31:03.707,0.0626,0.0287,0.065567,0.94122,-0.584609,0.92379,0.075633,0.0343,0.0743,0.013033,0.0056,0.008733,0.025909,0.023759,0.030225,0.063711,0.047549,0.066967,1,0,5,-1,1.543259,-3.034228,1.490969,2939954.666828,1.166667,0.0,1.166667,0.0,28.340057
12:31:03.813,0.064067,0.0302,0.067533,1.016921,-0.458505,1.027716,0.080033,0.036767,0.078767,0.015967,0.006567,0.011233,0.025909,0.023759,0.030225,0.063747,0.047549,0.067023,1,0,5,-1,1.46463,-2.961648,1.497018,2939954.666828,1.166667,0.0,1.166667,0.0,28.340057
12:31:03.918,0.064267,0.029967,0.067367,1.024709,-0.478121,1.016777,0.0794,0.0362,0.0782,0.015133,0.006233,0.010833,0.025909,0.023759,0.030225,0.063799,0.047549,0.067058,1,0,5,-1,1.510762,-2.997728,1.486966,2939954.666828,1.166667,0.0,1.166667,0.0,28.340057
12:31:04.013,0.060567,0.028367,0.063667,0.845141,-0.612631,0.83274,0.075733,0.0345,0.0745,0.015167,0.006133,0.010833,0.025909,0.023759,0.030225,0.063475,0.047549,0.066719,1,0,5,-1,1.470173,-2.903144,1.43297,2939954.666828,1.166667,0.0,1.166667,0.0,28.340057
12:31:04.126,0.061267,0.0284,0.064333,0.893541,-0.609829,0.881576,0.075167,0.034167,0.073667,0.0139,0.005767,0.009333,0.025909,0.023759,0.030225,0.063255,0.047549,0.06648,1,0,5,-1,1.515336,-2.994774,1.479438,2939954.666828,1.166667,0.0,1.166667,0.0,28.340057
12:31:04.223,0.057733,0.026767,0.060733,0.704315,-0.747141,0.68298,0.0716,0.032367,0.070033,0.013867,0.0056,0.0093,0.025909,0.023759,0.030225,0.063255,0.047549,0.06648,1,0,5,-1,1.47279,-2.881576,1.408786,2939954.666828,1.166667,0.0,1.166667,0.0,28.340057
12:31:04.340,0.0627,0.0288,0.0658,0.973234,-0.576201,0.966173,0.075167,0.034,0.073367,0.012467,0.0052,0.007567,0.025909,0.023759,0.030225,0.063199,0.047549,0.066412,1,0,5,-1,1.556496,-3.09181,1.535314,2939954.666828,1.166667,0.0,1.166667,0.0,28.340057
12:31:04.438,0.061967,0.028733,0.064833,0.940315,-0.581806,0.921127,0.075867,0.034367,0.0741,0.0139,0.005633,0.009267,0.025909,0.023759,0.030225,0.063076,0.047549,0.066254,1,0,5,-1,1.541308,-3.025054,1.483746,2939954.666828,1.166667,0.0,1.166667,0.0,28.340057
12:31:04.553,0.064067,0.029367,0.067067,1.047861,-0.528563,1.0405,0.0756,0.0341,0.074033,0.011533,0.004733,0.006967,0.025909,0.023759,0.030225,0.063175,0.047549,0.066335,1,0,5,-1,1.583784,-3.145486,1.561702,2939954.666828,1.166667,0.0,1.166667,0.0,28.340057
12:31:04.649,0.063733,0.029533,0.0664,1.026933,-0.514552,1.003218,0.0768,0.034967,0.0753,0.013067,0.005433,0.0089,0.025909,0.023759,0.030225,0.063231,0.047549,0.066342,1,0,5,-1,1.5652,-3.059255,1.494055,2939954.666828,1.166667,0.0,1.166667,0.0,28.340057
12:31:04.758,0.065,0.0302,0.067767,1.084929,-0.458506,1.070731,0.077233,0.035333,0.075733,0.012233,0.005133,0.007967,0.025909,0.023759,0.030225,0.063408,0.047549,0.066484,1,0,5,-1,1.557632,-3.072671,1.515039,2939954.666828,1.166667,0.0,1.166667,0.0,28.340057
12:31:04.873,0.0663,0.0314,0.0693,1.137777,-0.357624,1.138701,0.080867,0.037267,0.079133,0.014567,0.005867,0.009833,0.025909,0.023759,0.030225,0.063697,0.047549,0.066766,1,0,5,-1,1.494476,-2.991725,1.497249,2939954.666828,1.166667,0.0,1.166667,0.0,28.340057
12:31:04.957,0.062633,0.0297,0.066,0.949195,-0.50054,0.962192,0.076967,0.0352,0.075533,0.014333,0.0055,0.009533,0.025909,0.023759,0.030225,0.063591,0.047549,0.066689,1,0,5,-1,1.436738,-2.912467,1.475729,2939954.666828,1.166667,0.0,1.166667,0.0,28.340057
12:31:05.064,0.0614,0.029033,0.064867,0.894748,-0.556585,0.909574,0.076033,0.034633,0.074567,0.014633,0.0056,0.0097,0.025909,0.023759,0.030225,0.063371,0.047549,0.066507,1,0,5,-1,1.436507,-2.917493,1.480986,2939954.666828,1.166667,0.0,1.166667,0.0,28.340057
12:31:05.159,0.057767,0.027233,0.0612,0.700773,-0.707909,0.707451,0.0724,0.033033,0.071133,0.014633,0.0058,0.009933,0.025909,0.023759,0.030225,0.063371,0.047549,0.066507,1,0,5,-1,1.402004,-2.824042,1.422038,2939954.666828,1.166667,0.0,1.166667,0.0,28.340057
12:31:05.261,0.0575,0.026667,0.060867,0.686537,-0.755548,0.689076,0.071433,0.0323,0.070033,0.013933,0.005633,0.009167,0.025909,0.023759,0.030225,0.063371,0.047549,0.066507,1,0,5,-1,1.439545,-2.886709,1.447164,2939954.666828,1.166667,0.0,1.166667,0.0,28.340057
12:31:05.370,0.057767,0.026767,0.0612,0.700774,-0.747141,0.707451,0.071567,0.0323,0.070233,0.0138,0.005533,0.009033,0.025909,0.023759,0.030225,0.063371,0.047549,0.066507,1,0,5,-1,1.441238,-2.902507,1.461269,2939954.666828,1.166667,0.0,1.166667,0.0,28.340057
12:31:05.488,0.0614,0.028533,0.064967,0.904772,-0.59862,0.923252,0.0752,0.034,0.073867,0.0138,0.005467,0.0089,0.025909,0.023759,0.030225,0.063174,0.047549,0.066353,1,0,5,-1,1.484912,-3.025263,1.540352,2939954.666828,1.166667,0.0,1.166667,0.0,28.340057
12:31:05.587,0.063367,0.029333,0.066733,1.009286,-0.531365,1.018928,0.075533,0.0342,0.074267,0.012167,0.004867,0.007533,0.025909,0.023759,0.030225,0.063194,0.047549,0.066391,1,0,5,-1,1.531008,-3.090944,1.559936,2939954.666828,1.166667,0.0,1.166667,0.0,28.340057
12:31:05.685,0.062233,0.0287,0.0656,0.953522,-0.584609,0.960542,0.0761,0.0345,0.074967,0.013867,0.0058,0.009367,0.025909,0.023759,0.030225,0.063098,0.047549,0.066312,1,0,5,-1,1.531111,-3.083282,1.552171,2939954.666828,1.166667,0.0,1.166667,0.0,28.340057
12:31:05.789,0.062667,0.029067,0.0659,0.979121,-0.553784,0.979429,0.0766,0.034967,0.075467,0.013933,0.0059,0.009567,0.025909,0.023759,0.030225,0.063054,0.047549,0.066271,1,0,5,-1,1.532597,-3.066117,1.53352,2939954.666828,1.166667,0.0,1.166667,0.0,28.340057
12:31:05.895,0.064033,0.030467,0.0676,1.047311,-0.436088,1.066135,0.080333,0.0372,0.0793,0.0163,0.006733,0.0117,0.025909,0.023759,0.030225,0.063152,0.047549,0.066404,1,0,5,-1,1.464575,-2.985622,1.521047,2939954.666828,1.166667,0.0,1.166667,0.0,28.340057
12:31:06.001,0.064767,0.0307,0.068467,1.077686,-0.416472,1.102059,0.079933,0.036933,0.079033,0.015167,0.006233,0.010567,0.025909,0.023759,0.030225,0.063314,0.047549,0.06661,1,0,5,-1,1.469785,-3.012689,1.542903,2939954.666828,1.166667,0.0,1.166667,0.0,28.340057
12:31:06.108,0.0643,0.030433,0.068,1.047336,-0.43889,1.068504,0.079467,0.036667,0.078633,0.015167,0.006233,0.010633,0.025909,0.023759,0.030225,0.063412,0.047549,0.066749,1,0,5,-1,1.465056,-2.993619,1.528563,2939954.666828,1.166667,0.0,1.166667,0.0,28.340057
12:31:06.213,0.064533,0.030267,0.068067,1.053641,-0.452901,1.064706,0.079733,0.036633,0.0787,0.0152,0.006367,0.010633,0.025909,0.023759,0.030225,0.063524,0.047549,0.066881,1,0,5,-1,1.495477,-3.024149,1.528672,2939954.666828,1.166667,0.0,1.166667,0.0,28.340057
12:31:06.317,0.064233,0.030333,0.0676,1.033857,-0.447296,1.035251,0.079467,0.036667,0.0783,0.015233,0.006333,0.0107,0.025909,0.023759,0.030225,0.063595,0.047549,0.066953,1,0,5,-1,1.479759,-2.963701,1.483942,2939954.666828,1.166667,0.0,1.166667,0.0,28.340057
12:31:06.422,0.061133,0.03,0.0677,0.881632,-0.475319,1.036553,0.076367,0.036367,0.078433,0.015233,0.006367,0.010733,0.025909,0.023759,0.030225,0.063349,0.047549,0.067027,1,0,5,-1,1.202031,-2.868824,1.666792,2939954.666828,1.166667,0.0,1.166667,0.0,28.340057
12:31:06.526,0.057367,0.0292,0.066667,0.68042,-0.542574,0.98234,0.072433,0.035433,0.0774,0.015067,0.006233,0.010733,0.025909,0.023759,0.030225,0.063349,0.047549,0.066991,1,0,5,2,0.921073,-2.747908,1.826834,2939954.666828,1.166667,0.0,1.166667,0.0,28.340057
12:31:06.657,0.0592,0.028633,0.068667,0.778355,-0.590214,1.081651,0.070933,0.033433,0.0764,0.011733,0.0048,0.007733,0.025909,0.023759,0.030225,0.063349,0.047549,0.067159,1,0,5,2,1.065274,-3.040434,1.97516,2939954.666828,1.166667,0.0,1.166667,0.0,28.340057
12:31:06.753,0.060967,0.027067,0.066933,0.884723,-0.721921,0.989003,0.073767,0.0323,0.075767,0.0128,0.005233,0.008833,0.025909,0.023759,0.030225,0.063111,0.047549,0.067136,1,0,5,-1,1.502364,-3.317567,1.815203,2939954.666828,1.166667,0.0,1.166667,0.0,28.340057
12:31:06.858,0.062667,0.026033,0.065833,0.978481,-0.826251,0.936235,0.075567,0.031133,0.074633,0.0129,0.0051,0.0088,0.025909,0.023986,0.030225,0.063066,0.047549,0.067006,1,0,5,-1,1.846977,-3.567217,1.72024,2939954.666828,1.166667,0.0,1.166667,0.0,28.340057
12:31:06.965,0.059733,0.0246,0.062533,0.837071,-0.952999,0.756792,0.075867,0.0308,0.074033,0.016133,0.0062,0.0115,0.025909,0.024048,0.030225,0.062733,0.047549,0.067006,1,0,5,-1,1.870349,-3.499861,1.629512,2939954.666828,1.166667,0.0,1.166667,0.0,28.340057
12:31:07.068,0.060133,0.024533,0.064567,0.872013,-0.962728,0.879825,0.0751,0.029967,0.074667,0.014967,0.005433,0.0101,0.025909,0.024096,0.030225,0.062473,0.047549,0.066762,1,0,5,-1,1.82693,-3.677295,1.850365,2939954.666828,1.166667,0.0,1.166667,0.0,28.340057
12:31:07.173,0.060533,0.024033,0.065233,0.903993,-1.004829,0.92437,0.0755,0.0294,0.075433,0.014967,0.005367,0.0102,0.025909,0.02409,0.030225,0.062279,0.047549,0.066609,1,0,5,-1,1.888446,-3.838022,1.949576,2939954.666828,1.166667,0.0,1.166667,0.0,28.340057
12:31:07.277,0.057433,0.023833,0.066967,0.733522,-1.01967,1.017668,0.072233,0.029067,0.077067,0.0148,0.005233,0.0101,0.025909,0.024064,0.030225,0.062279,0.047549,0.066645,1,0,5,2,1.469046,-3.79053,2.321485,2939954.666828,1.166667,0.0,1.166667,0.0,28.340057
12:31:07.381,0.050533,0.023467,0.066367,0.354085,-1.04569,0.986236,0.064667,0.0286,0.0767,0.014133,0.005133,0.010333,0.025909,0.024005,0.030225,0.062279,0.047549,0.066617,1,0,5,2,0.767624,-3.431702,2.664078,2939954.666828,1.166667,0.0,1.166667,0.0,28.340057
12:31:07.486,0.040567,0.0234,0.0675,-0.193989,-1.0461,1.043564,0.0536,0.028433,0.0777,0.013033,0.005033,0.0102,0.025909,0.023944,0.030225,0.062279,0.047549,0.066705,1,0,5,2,-0.385442,-2.941774,3.327216,2939954.666828,1.166667,0.0,1.166667,0.0,28.340057
12:31:07.583,0.0318,0.021833,0.0636,-0.676075,-1.15953,0.845458,0.0432,0.026867,0.073767,0.0114,0.005033,0.010167,0.025909,0.023733,0.030225,0.062279,0.047549,0.066395,1,0,0,2,-1.038079,-2.488442,3.526521,2939954.666828,1.166667,0.0,1.166667,0.0,28.340057
12:31:07.710,0.027167,0.020767,0.063,-0.937563,-1.221437,0.829452,0.035933,0.024833,0.070333,0.008767,0.004067,0.007333,0.026035,0.023436,0.030225,0.062279,0.047549,0.066055,1,0,0,2,-1.483141,-2.334763,3.817904,2939954.666828,1.166667,0.0,1.166667,0.0,28.340057
12:31:07.802,0.0262,0.0205,0.0629,-0.991811,-1.216563,0.840076,0.034733,0.024667,0.0708,0.008533,0.004167,0.0079,0.026052,0.023143,0.030225,0.062279,0.047549,0.06574,1,0,0,2,-1.607135,-2.28139,3.888525,2939954.666828,1.166667,0.0,1.166667,0.0,28.340057
12:31:07.901,0.025267,0.0206,0.062767,-1.038919,-1.185598,0.848037,0.033933,0.0248,0.0712,0.008667,0.0042,0.008433,0.025973,0.022888,0.030225,0.062279,0.047549,0.065443,1,0,0,-1,-1.740278,-2.180313,3.920592,2939954.666828,1.166667,0.0,1.166667,0.0,28.340057
12:31:08.012,0.025633,0.021467,0.0653,-1.016833,-1.103184,0.992714,0.0352,0.026367,0.075,0.009567,0.0049,0.0097,0.025939,0.022746,0.030225,0.062279,0.047549,0.065428,1,0,0,-1,-1.923196,-2.182248,4.105444,2939954.666828,1.166667,0.0,1.166667,0.0,28.340057
12:31:08.116,0.025233,0.021833,0.066267,-1.034894,-1.066013,1.042768,0.0342,0.0266,0.0756,0.008967,0.004767,0.009333,0.025869,0.022655,0.030225,0.062279,0.047549,0.065512,1,0,0,-1,-2.046545,-2.139899,4.186444,2939954.666828,1.166667,0.0,1.166667,0.0,28.340057
12:31:08.216,0.026633,0.023233,0.069033,-0.962114,-0.958085,1.177847,0.0352,0.027967,0.078233,0.008567,0.004733,0.0092,0.025945,0.022713,0.030225,0.062279,0.047549,0.065864,1,0,0,-1,-2.143991,-2.131902,4.275893,2939954.666828,1.166667,0.0,1.166667,0.0,28.340057
12:31:08.315,0.0244,0.0218,0.0641,-1.076218,-1.065914,0.910451,0.033233,0.0268,0.074467,0.008833,0.005,0.010367,0.025791,0.022622,0.030225,0.062279,0.047549,0.065688,1,0,0,-1,-1.996974,-1.966062,3.963035,2939954.666828,1.166667,0.0,1.166667,0.0,28.340057
12:31:08.422,0.024533,0.021867,0.0643,-1.061806,-1.054345,0.929282,0.033133,0.026833,0.073867,0.0086,0.004967,0.009567,0.025665,0.022546,0.030225,0.062279,0.047549,0.065549,1,0,0,-1,-1.998549,-1.976165,3.974714,2939954.666828,1.166667,0.0,1.166667,0.0,28.340057
12:31:08.523,0.0245,0.0219,0.066367,-1.057083,-1.04639,1.04157,0.033133,0.026867,0.075967,0.008633,0.004967,0.0096,0.025548,0.022481,0.030225,0.062279,0.047549,0.065631,1,0,0,-1,-2.109344,-2.077268,4.186612,2939954.666828,1.166667,0.0,1.166667,0.0,28.340057
12:31:08.627,0.026667,0.023867,0.070267,-0.945029,-0.89998,1.232641,0.035467,0.028833,0.080367,0.0088,0.004967,0.0101,0.02566,0.02262,0.030225,0.062279,0.047549,0.066094,1,0,0,-1,-2.22272,-2.087572,4.310292,2939954.833494,1.333333,0.166667,1.166667,0.117273,28.340057
12:31:08.732,0.026467,0.0237,0.069033,-0.96027,-0.921677,1.146286,0.0355,0.028733,0.079867,0.009033,0.005033,0.010833,0.025741,0.022728,0.030225,0.062279,0.047549,0.066388,2,1,0,-1,2.145149,2.02937,-4.174519,2939954.833494,1.333333,0.166667,1.166667,0.117273,28.340057
12:31:08.855,0.025667,0.022867,0.0645,-1.003653,-0.989936,0.905518,0.033333,0.0267,0.0726,0.007667,0.003833,0.0081,0.025733,0.022742,0.030225,0.062279,0.047549,0.066199,2,1,0,-1,1.922888,1.881737,-3.804625,2939954.833494,1.333333,0.166667,1.166667,0.117273,28.340057
12:31:08.949,0.0251,0.022367,0.060833,-1.031144,-1.027181,0.701667,0.033167,0.026467,0.069167,0.008067,0.0041,0.008333,0.02567,0.022704,0.030225,0.062279,0.047549,0.066199,2,1,0,-1,1.736774,1.724885,-3.461659,2939954.833494,1.333333,0.166667,1.166667,0.117273,28.340057
12:31:09.054,0.025133,0.022533,0.0572,-1.026352,-1.012379,0.49967,0.033133,0.0266,0.064867,0.008,0.004067,0.007667,0.025616,0.022687,0.030225,0.062279,0.047549,0.066199,2,1,0,-1,1.539994,1.498077,-3.038072,2939954.833494,1.333333,0.166667,1.166667,0.117273,28.340057
12:31:09.160,0.026,0.023433,0.055433,-0.981147,-0.945819,0.401451,0.0354,0.028767,0.065067,0.0094,0.005333,0.009633,0.025655,0.022762,0.030225,0.062279,0.047549,0.066199,2,1,0,-1,1.417926,1.311942,-2.729868,2939954.833494,1.333333,0.166667,1.166667,0.117273,28.340057
12:31:09.258,0.025067,0.022533,0.048667,-1.028857,-1.016578,0.025253,0.034067,0.027633,0.0571,0.009,0.0051,0.008433,0.025596,0.022739,0.030225,0.062279,0.047549,0.066199,2,1,0,-1,1.066388,1.029552,-2.095941,2939954.833494,1.333333,0.166667,1.166667,0.117273,28.340057
12:31:09.367,0.025033,0.0225,0.042167,-1.027564,-1.017322,-0.336119,0.033967,0.0276,0.049667,0.008933,0.0051,0.0075,0.02554,0.022715,0.030225,0.062279,0.047549,0.066199,2,1,0,-1,0.701688,0.67096,-1.372647,2939954.833494,1.333333,0.166667,1.166667,0.117273,28.340057
12:31:09.489,0.025,0.0227,0.0357,-1.026402,-1.001093,-0.695638,0.033933,0.027767,0.0424,0.008933,0.005067,0.0067,0.025486,0.022714,0.030225,0.062279,0.047549,0.066199,2,1,-1,-1,0.356073,0.280147,-0.63622,2939954.833494,1.333333,0.166667,1.166667,0.117273,28.340057
12:31:09.581,0.025967,0.023867,0.0333,-0.97644,-0.916037,-0.844835,0.035133,0.029033,0.0393,0.009167,0.005167,0.006,0.025534,0.022829,0.030533,0.062279,0.047549,0.066199,2,1,-1,-1,0.192007,0.0108,-0.202808,2939954.833494,1.333333,0.166667,1.166667,0.117273,28.340057
12:31:09.683,0.025867,0.023867,0.0315,-0.98368,-0.924115,-0.95106,0.0352,0.029167,0.0373,0.009333,0.0053,0.0058,0.025567,0.022933,0.03063,0.062279,0.047549,0.066199,2,1,-1,-1,0.092184,-0.086509,-0.005675,2939954.833494,1.333333,0.166667,1.166667,0.117273,28.340057
12:31:09.783,0.025833,0.0242,0.031367,-0.986937,-0.90685,-0.962624,0.0353,0.029567,0.0371,0.009467,0.005367,0.005733,0.025594,0.023059,0.030703,0.062279,0.047549,0.066199,2,1,-1,-1,0.104399,-0.13586,0.031461,2939955.000161,1.5,0.333333,1.166667,2.679494,28.340057
12:31:09.900,0.025233,0.023967,0.0308,-1.017665,-0.933067,-0.995096,0.033067,0.028133,0.034867,0.007833,0.004167,0.004067,0.025558,0.02315,0.030713,0.062279,0.047549,0.066199,3,2,-1,-1,-0.107168,0.146627,-0.039459,2939955.000161,1.5,0.333333,1.166667,2.679494,28.340057
12:31:10.004,0.0248,0.024133,0.030533,-1.037063,-0.927171,-1.009108,0.033,0.0285,0.035233,0.0082,0.004367,0.0047,0.025482,0.023248,0.030695,0.062279,0.047549,0.066199,3,2,-1,-1,-0.137847,0.191829,-0.053981,2939955.000161,1.5,0.333333,1.166667,2.679494,28.340057
12:31:10.117,0.0245,0.024467,0.030667,-1.047904,-0.909308,-1.001437,0.032867,0.029,0.0354,0.008367,0.004533,0.004733,0.025384,0.02337,0.030692,0.062279,0.047549,0.066199,3,2,-1,-1,-0.185062,0.230724,-0.045662,2939955.000161,1.5,0.333333,1.166667,2.679494,28.340057
12:31:10.199,0.025333,0.0257,0.031633,-1.002457,-0.824873,-0.952163,0.0351,0.031567,0.038033,0.009767,0.005867,0.0064,0.025379,0.023603,0.030786,0.062279,0.047549,0.066199,3,2,-1,-1,-0.227879,0.304873,-0.076994,2939955.000161,1.5,0.333333,1.166667,2.679494,28.340057
12:31:10.305,0.025933,0.027133,0.032333,-0.972903,-0.705159,-0.921021,0.0353,0.032867,0.038033,0.009367,0.005733,0.0057,0.025434,0.023603,0.030941,0.062279,0.047549,0.066199,3,2,-1,-1,-0.319627,0.483608,-0.163981,2939955.000161,1.5,0.333333,1.166667,2.679494,28.340057
12:31:10.408,0.026367,0.0281,0.032,-0.954328,-0.62442,-0.945773,0.035567,0.033933,0.037533,0.0092,0.005833,0.005533,0.025527,0.023603,0.031047,0.062279,0.047549,0.066199,3,2,-1,-1,-0.338462,0.651261,-0.312798,2939955.000161,1.5,0.333333,1.166667,2.679494,28.340057
12:31:10.512,0.0271,0.0301,0.031933,-0.922648,-0.457376,-0.954494,0.036367,0.036133,0.0374,0.009267,0.006033,0.005467,0.025685,0.023603,0.031136,0.062279,0.047549,0.066199,3,2,-1,-1,-0.433424,0.96239,-0.528965,2939955.000161,1.5,0.333333,1.166667,2.679494,28.340057
12:31:10.618,0.027,0.0317,0.031,-0.935068,-0.323741,-1.006955,0.036267,0.038133,0.0365,0.009267,0.006433,0.0055,0.025816,0.023603,0.031122,0.062279,0.047549,0.066199,3,2,-1,-1,-0.53944,1.29454,-0.7551,2939955.166828,1.666667,0.5,1.166667,5.447074,28.340057
12:31:10.723,0.027067,0.033867,0.0301,-0.938058,-0.142776,-1.052291,0.0362,0.040733,0.035467,0.009133,0.006867,0.005367,0.025941,0.023603,0.03102,0.062279,0.047549,0.066199,4,0,-1,-1,0.681048,-1.704796,1.023747,2939955.166828,1.666667,0.5,1.166667,5.447074,28.340057
12:31:10.827,0.026467,0.035433,0.028967,-0.973935,-0.011925,-1.10444,0.035533,0.042833,0.034133,0.009067,0.0074,0.005167,0.025994,0.023603,0.030814,0.062279,0.047549,0.066199,4,0,-1,-1,0.831505,-2.054525,1.22302,2939955.166828,1.666667,0.5,1.166667,5.447074,28.340057
12:31:10.955,0.0256,0.036133,0.027267,-1.019513,0.04654,-1.178682,0.033233,0.042267,0.030933,0.007633,0.006133,0.003667,0.025954,0.023603,0.03046,0.062279,0.047549,0.066199,4,0,-1,-1,0.906884,-2.291276,1.384392,2939955.166828,1.666667,0.5,1.166667,5.447074,28.340057
12:31:11.050,0.0253,0.038,0.0272,-1.032369,0.202448,-1.162688,0.0334,0.0446,0.030967,0.0081,0.0066,0.003767,0.025889,0.023603,0.030134,0.062279,0.047549,0.066199,4,0,-1,-1,1.104499,-2.599953,1.495454,2939955.166828,1.666667,0.5,1.166667,5.447074,28.340057
12:31:11.154,0.025767,0.040467,0.027933,-1.006047,0.408469,-1.109153,0.033933,0.046967,0.031633,0.008167,0.0065,0.0037,0.025877,0.023603,0.029914,0.062279,0.047549,0.066199,4,0,-1,-1,1.31141,-2.932137,1.620728,2939955.166828,1.666667,0.5,1.166667,5.447074,28.340057
12:31:11.259,0.027,0.044133,0.029833,-0.944285,0.714717,-1.003985,0.036533,0.052333,0.0349,0.009533,0.0082,0.005067,0.025989,0.023603,0.029906,0.062279,0.047549,0.066199,4,0,2,-1,1.599303,-3.377704,1.778401,2939955.166828,1.666667,0.5,1.166667,5.447074,28.340057
12:31:11.363,0.027567,0.0463,0.030433,-0.921409,0.90562,-0.97379,0.0367,0.0543,0.0354,0.009133,0.008,0.004967,0.026147,0.023603,0.029958,0.062279,0.047424,0.066199,4,0,2,-1,1.774647,-3.706439,1.931792,2939955.166828,1.666667,0.5,1.166667,5.447074,28.340057
12:31:11.472,0.0272,0.047367,0.030067,-0.94738,0.995658,-0.994621,0.036267,0.055633,0.0351,0.009067,0.008267,0.005033,0.026252,0.023603,0.029969,0.062279,0.047418,0.066199,4,0,2,-1,1.895797,-3.933318,2.03752,2939955.166828,1.666667,0.5,1.166667,5.447074,28.340057
12:31:11.573,0.027467,0.048467,0.029633,-0.939114,1.078886,-1.016673,0.036533,0.056867,0.034667,0.009067,0.0084,0.005033,0.026374,0.023603,0.029936,0.062279,0.047523,0.066199,4,0,2,-1,1.940441,-4.113558,2.173117,2939955.166828,1.666667,0.5,1.166667,5.447074,28.340057
12:31:11.679,0.0275,0.0492,0.028833,-0.943354,1.125303,-1.054549,0.0365,0.057833,0.033867,0.009,0.008633,0.005033,0.026486,0.023603,0.029825,0.062279,0.047691,0.066199,4,0,2,-1,1.957462,-4.24851,2.291048,2939955.166828,1.666667,0.5,1.166667,5.447074,28.340057
12:31:11.778,0.0257,0.046833,0.026267,-1.039452,0.93569,-1.174402,0.0347,0.0555,0.031233,0.009,0.008667,0.004967,0.026408,0.023603,0.02947,0.062279,0.047605,0.066199,4,0,2,-1,1.840193,-4.085234,2.245041,2939955.166828,1.666667,0.5,1.166667,5.447074,28.340057
12:31:11.884,0.025867,0.0463,0.025767,-1.027103,0.90159,-1.179654,0.0347,0.0547,0.030667,0.008833,0.0084,0.0049,0.026354,0.023603,0.029099,0.062279,0.047475,0.066199,4,0,2,-1,1.776142,-4.009936,2.233794,2939955.166828,1.666667,0.5,1.166667,5.447074,28.340057
12:31:12.005,0.0258,0.044067,0.024933,-1.02769,0.714476,-1.199875,0.0333,0.0506,0.0284,0.0075,0.006533,0.003467,0.026298,0.023603,0.028683,0.062279,0.047475,0.066199,4,0,2,-1,1.569981,-3.656516,2.086535,2939955.166828,1.666667,0.5,1.166667,5.447074,28.340057
12:31:12.100,0.028633,0.045733,0.027567,-0.882417,0.867737,-1.053385,0.037033,0.052967,0.031333,0.0084,0.007233,0.003767,0.026532,0.023603,0.028571,0.062279,0.0473,0.066199,4,0,2,-1,1.579185,-3.671276,2.092091,2939955.166828,1.666667,0.5,1.166667,5.447074,28.340057
12:31:12.205,0.029433,0.045333,0.028567,-0.852697,0.849329,-1.00021,0.038667,0.052933,0.032433,0.009233,0.0076,0.003867,0.026822,0.023603,0.028571,0.062279,0.047104,0.066199,4,0,2,-1,1.554513,-3.551565,1.997053,2939955.166828,1.666667,0.5,1.166667,5.447074,28.340057
12:31:12.310,0.0316,0.046867,0.0304,-0.730485,0.981823,-0.912062,0.042633,0.056233,0.035733,0.011033,0.009367,0.005333,0.026822,0.023603,0.028754,0.062279,0.04708,0.066199,4,0,2,-1,1.53073,-3.606192,2.075462,2939955.166828,1.666667,0.5,1.166667,5.447074,28.340057
12:31:12.415,0.034267,0.048,0.031033,-0.580069,1.070259,-0.889741,0.044833,0.0566,0.036167,0.010567,0.0086,0.005133,0.026822,0.023603,0.028982,0.062279,0.047172,0.066199,4,0,2,5,1.340657,-3.610328,2.269671,2939955.166828,1.666667,0.5,1.166667,5.447074,28.340057
12:31:12.519,0.040033,0.048633,0.031567,-0.254796,1.110915,-0.874098,0.050767,0.0572,0.0368,0.010733,0.008567,0.005233,0.026822,0.023603,0.02924,0.062279,0.047318,0.066199,4,0,2,5,0.746409,-3.350724,2.604315,2939955.166828,1.666667,0.5,1.166667,5.447074,28.340057
12:31:12.623,0.049467,0.0492,0.032367,0.277299,1.141709,-0.846428,0.061067,0.057833,0.037767,0.0116,0.008633,0.0054,0.026822,0.023603,0.029553,0.062279,0.047506,0.066199,4,0,2,5,-0.259318,-2.852547,3.111865,2939955.166828,1.666667,0.5,1.166667,5.447074,28.340057
12:31:12.728,0.056133,0.049433,0.032867,0.653338,1.143949,-0.835741,0.0693,0.058167,0.0384,0.013167,0.008733,0.005533,0.026822,0.023603,0.029884,0.062279,0.047699,0.066199,4,0,3,5,-0.998468,-2.470301,3.468769,2939955.166828,1.666667,0.5,1.166667,5.447074,28.340057
12:31:12.833,0.0617,0.049867,0.033133,0.970549,1.160481,-0.837496,0.076033,0.058633,0.0387,0.014333,0.008767,0.005567,0.026822,0.023603,0.030209,0.062221,0.047916,0.066199,4,0,3,-1,-1.618113,-2.187909,3.806022,2939955.166828,1.666667,0.5,1.166667,5.447074,28.340057
12:31:12.938,0.062233,0.049833,0.0331,1.000613,1.140855,-0.854242,0.0773,0.058567,0.0385,0.015067,0.008733,0.0054,0.026822,0.023603,0.030498,0.062222,0.048108,0.066199,4,0,3,-1,-1.714613,-2.135339,3.849952,2939955.166828,1.666667,0.5,1.166667,5.447074,28.340057
12:31:13.069,0.064267,0.050367,0.034133,1.103343,1.16443,-0.796355,0.0761,0.057267,0.037967,0.011833,0.0069,0.003833,0.026822,0.023603,0.030498,0.062427,0.048333,0.066199,4,0,3,-1,-1.83861,-2.021873,3.860482,2939955.166828,1.666667,0.5,1.166667,5.447074,28.340057
12:31:13.164,0.063367,0.0486,0.0338,1.047385,1.019379,-0.831971,0.076267,0.056433,0.038333,0.0129,0.007833,0.004533,0.026822,0.023603,0.030828,0.062521,0.04836,0.066199,4,0,3,-1,-1.907361,-1.823345,3.730706,2939955.166828,1.666667,0.5,1.166667,5.447074,28.340057
12:31:13.269,0.063267,0.048467,0.035033,1.037525,1.007744,-0.762234,0.076133,0.0564,0.039867,0.012867,0.007933,0.004833,0.026822,0.023603,0.030828,0.062595,0.048371,0.066199,4,0,3,-1,-1.829541,-1.740197,3.569738,2939955.166828,1.666667,0.5,1.166667,5.447074,28.340057
12:31:13.372,0.061033,0.048067,0.0377,0.921055,0.977872,-0.611452,0.077133,0.0578,0.044233,0.0161,0.009733,0.006533,0.026822,0.023603,0.030828,0.062439,0.04834,0.066199,4,0,3,-1,-1.475689,-1.646141,3.12183,2939955.166828,1.666667,0.5,1.166667,5.447074,28.340057
12:31:13.477,0.0615,0.049233,0.045167,0.952407,1.064744,-0.189261,0.076467,0.058067,0.051733,0.014967,0.008833,0.006567,0.026822,0.023603,0.030828,0.062345,0.04843,0.066199,4,0,3,-1,-1.029332,-1.366342,2.395674,2939955.166828,1.666667,0.5,1.166667,5.447074,28.340057
12:31:13.583,0.059367,0.048167,0.052133,0.847794,0.980912,0.204657,0.0743,0.056867,0.059467,0.014933,0.0087,0.007333,0.026822,0.023603,0.030828,0.062047,0.048403,0.066199,4,0,3,-1,-0.51002,-0.909373,1.419393,2939955.166828,1.666667,0.5,1.166667,5.447074,28.340057
12:31:13.686,0.060367,0.044933,0.058,0.913701,0.72016,0.536378,0.0753,0.0536,0.066233,0.014933,0.008667,0.008233,0.026822,0.023603,0.030828,0.061879,0.048403,0.066199,4,0,-1,-1,-0.570865,0.009758,0.561106,2939955.333494,1.833333,0.666667,1.166667,4.790788,28.340057
12:31:13.791,0.0593,0.041133,0.060533,0.866583,0.413711,0.67962,0.074333,0.049533,0.0696,0.015033,0.0084,0.009067,0.026822,0.023603,0.030828,0.061621,0.048403,0.066199,5,1,-1,-1,0.639835,-0.718782,0.078947,2939955.500161,2.0,0.833333,1.166667,32.199707,28.340057
12:31:13.894,0.059967,0.037167,0.061733,0.904898,0.093821,0.747472,0.075,0.0453,0.071333,0.015033,0.008133,0.0096,,,,,,,0,2,-1,-1,-0.968502,1.464727,-0.496225,2939955.500161,2.0,0.833333,1.166667,32.199707,28.340057
12:31:13.991,0.0565,0.032,0.0596,0.705661,-0.322844,0.626846,0.071767,0.0399,0.070033,0.015267,0.0079,0.010433,,,,,,,0,2,-1,-1,-1.107321,1.978195,-0.870875,2939955.500161,2.0,0.833333,1.166667,32.199707,28.340057
12:31:14.116,0.056133,0.028633,0.0605,0.684589,-0.594349,0.677735,0.068067,0.034567,0.067933,0.011933,0.005933,0.007433,,,,,,,0,2,5,-1,-1.285792,2.551022,-1.26523,2939955.500161,2.0,0.833333,1.166667,32.199707,28.340057
12:31:14.209,0.054333,0.026333,0.060667,0.581139,-0.779832,0.687159,0.067533,0.032367,0.069733,0.0132,0.006033,0.009067,,,,,,,0,2,5,-1,-1.254951,2.827961,-1.573011,2939955.666828,2.166667,1.0,1.166667,29.803719,28.340057
12:31:14.309,0.0576,0.026767,0.064167,0.768881,-0.744886,0.88506,0.0706,0.032367,0.0732,0.013,0.0056,0.009033,,,,,,,1,0,5,-1,1.397587,-3.143713,1.746125,2939955.666828,2.166667,1.0,1.166667,29.803719,28.340057
12:31:14.409,0.058467,0.026467,0.064667,0.818689,-0.769079,0.913332,0.0749,0.033433,0.0771,0.016433,0.006967,0.012433,,,,,,,1,0,5,-1,1.493125,-3.270178,1.777054,2939955.666828,2.166667,1.0,1.166667,29.803719,28.340057
12:31:14.513,0.061533,0.0262,0.065467,0.994936,-0.790584,0.958567,0.077033,0.0325,0.0768,0.0155,0.0063,0.011333,,,,,,,1,0,5,-1,1.821889,-3.53467,1.712781,2939955.666828,2.166667,1.0,1.166667,29.803719,28.340057
12:31:14.613,0.061667,0.025867,0.0641,1.002599,-0.817466,0.881291,0.0774,0.032,0.075467,0.015733,0.006133,0.011367,,,,,,,1,0,5,-1,1.941373,-3.518821,1.577448,2939955.666828,2.166667,1.0,1.166667,29.803719,28.340057
12:31:14.713,0.061167,0.025433,0.063533,0.973864,-0.852412,0.849251,0.076933,0.031433,0.0748,0.015767,0.006,0.011267,,,,,,,1,0,5,-1,1.950889,-3.527938,1.577049,2939955.666828,2.166667,1.0,1.166667,29.803719,28.340057
12:31:14.819,0.0614,0.025267,0.064933,0.987274,-0.865853,0.92841,0.076833,0.031067,0.075933,0.015433,0.0058,0.011,,,,,,,1,0,5,-1,1.91199,-3.647389,1.735399,2939955.666828,2.166667,1.0,1.166667,29.803719,28.340057
12:31:14.918,0.060733,0.024533,0.0659,0.948959,-0.924992,0.983069,0.076133,0.0303,0.077,0.0154,0.005767,0.0111,,,,,,,1,0,5,-1,1.839842,-3.782012,1.942171,2939955.666828,2.166667,1.0,1.166667,29.803719,28.340057
12:31:15.018,0.057467,0.024033,0.0672,0.761217,-0.965315,1.056575,0.072833,0.0297,0.078433,0.015367,0.005667,0.011233,,,,,,,1,0,5,2,1.431175,-3.748422,2.317247,2939955.666828,2.166667,1.0,1.166667,29.803719,28.340057
12:31:15.122,0.048633,0.0234,0.0663,0.253549,-1.01639,1.005686,0.063833,0.029067,0.077833,0.0152,0.005667,0.011533,,,,,,,1,0,5,2,0.517802,-3.292017,2.774214,2939955.666828,2.166667,1.0,1.166667,29.803719,28.340057
12:31:15.239,0.038633,0.0225,0.065633,-0.32117,-1.088971,0.967991,0.050267,0.026767,0.074267,0.011633,0.004267,0.008633,,,,,,,1,0,5,2,-0.52136,-2.824762,3.346122,2939955.666828,2.166667,1.0,1.166667,29.803719,28.340057
12:31:15.335,0.0316,0.022267,0.063933,-0.72539,-1.107788,0.871866,0.0421,0.0269,0.0737,0.0105,0.004633,0.009767,,,,,,,1,0,0,2,-1.214858,-2.362052,3.57691,2939955.666828,2.166667,1.0,1.166667,29.803719,28.340057
12:31:15.433,0.0285,0.021833,0.064833,-0.903553,-1.142734,0.922756,0.037867,0.0266,0.074567,0.009367,0.004767,0.009733,,,,,,,1,0,0,2,-1.587129,-2.30467,3.891799,2939955.666828,2.166667,1.0,1.166667,29.803719,28.340057
12:31:15.536,0.0285,0.0225,0.066533,-0.903553,-1.088971,1.018879,0.039667,0.028567,0.079233,0.011167,0.006067,0.0127,,,,,,,1,0,0,-1,-1.737014,-2.293268,4.030282,2939955.666828,2.166667,1.0,1.166667,29.803719,28.340057
12:31:15.644,0.026033,0.0213,0.064267,-1.045317,-1.185744,0.890715,0.036533,0.026867,0.075833,0.0105,0.005567,0.011567,,,,,,,1,0,0,-1,-1.795605,-2.216885,4.012491,2939955.666828,2.166667,1.0,1.166667,29.803719,28.340057
12:31:15.745,0.025767,0.021233,0.065067,-1.060643,-1.19112,0.935949,0.035233,0.0264,0.075367,0.009467,0.005167,0.0103,,,,,,,1,0,0,-1,-1.866114,-2.257546,4.12366,2939955.666828,2.166667,1.0,1.166667,29.803719,28.340057
12:31:15.846,0.024333,0.021167,0.064633,-1.143019,-1.196496,0.911447,0.034033,0.026433,0.0755,0.0097,0.005267,0.010867,,,,,,,1,0,0,-1,-2.000988,-2.16142,4.162408,2939955.666828,2.166667,1.0,1.166667,29.803719,28.340057
12:31:15.935,0.024,0.0212,0.064367,-1.162176,-1.193808,0.896369,0.033733,0.026667,0.0756,0.009733,0.005467,0.011233,,,,,,,1,0,0,-1,-2.026913,-2.121809,4.148722,2939955.666828,2.166667,1.0,1.166667,29.803719,28.340057
12:31:16.050,0.024033,0.021767,0.0646,-1.16026,-1.14811,0.909562,0.0338,0.027333,0.075867,0.009767,0.005567,0.011267,,,,,,,1,0,0,-1,-2.081974,-2.045521,4.127495,2939955.666828,2.166667,1.0,1.166667,29.803719,28.340057
12:31:16.153,0.0246,0.021933,0.065067,-1.127693,-1.134669,0.935949,0.034,0.027533,0.0759,0.0094,0.0056,0.010833,,,,,,,1,0,0,-1,-2.056666,-2.077594,4.13426,2939955.666828,2.166667,1.0,1.166667,29.803719,28.340057
12:31:16.242,0.024333,0.021667,0.066467,-1.143019,-1.156174,1.01511,0.033633,0.027267,0.077,0.0093,0.0056,0.010533,,,,,,,1,0,0,-1,-2.144974,-2.18444,4.329414,2939955.666828,2.166667,1.0,1.166667,29.803719,28.340057
12:31:16.381,0.0248,0.022,0.067433,-1.116199,-1.129292,1.069769,0.0329,0.026367,0.0757,0.0081,0.004367,0.008267,,,,,,,1,0,0,-1,-2.172875,-2.212154,4.38503,2939955.666828,2.166667,1.0,1.166667,29.803719,28.340057
12:31:16.467,0.022333,0.0199,0.061833,-1.257963,-1.298646,0.753127,0.0311,0.024733,0.071433,0.008767,0.004833,0.0096,,,,,,,1,0,0,-1,-1.970408,-2.092456,4.062863,2939955.666828,2.166667,1.0,1.166667,29.803719,28.340057
12:31:16.582,0.024667,0.021667,0.063767,-1.123862,-1.156174,0.862443,0.032867,0.026167,0.072033,0.0082,0.0045,0.008267,,,,,,,1,0,0,-1,-1.953993,-2.050929,4.004922,2939955.666828,2.166667,1.0,1.166667,29.803719,28.340057
12:31:16.681,0.023733,0.0208,0.058167,-1.177502,-1.226066,0.5458,0.033667,0.026767,0.069933,0.009933,0.005967,0.011767,,,,,,,1,0,0,-1,-1.674738,-1.820431,3.495168,2939955.666828,2.166667,1.0,1.166667,29.803719,28.340057
12:31:16.787,0.026433,0.023067,0.0593,-1.022328,-1.043271,0.609883,0.035433,0.028333,0.069233,0.009,0.005267,0.009933,,,,,,,1,0,0,-1,-1.611266,-1.674098,3.285364,2939955.666828,2.166667,1.0,1.166667,29.803719,28.340057
12:31:16.885,0.025933,0.022867,0.054233,-1.051064,-1.0594,0.323397,0.0354,0.0284,0.064767,0.009467,0.005533,0.010533,,,,,,,1,0,0,-1,-1.366124,-1.391134,2.757257,2939955.666828,2.166667,1.0,1.166667,29.803719,28.340057
12:31:16.985,0.026067,0.0232,0.049433,-1.043401,-1.032519,0.05199,0.0355,0.0287,0.059033,0.009433,0.0055,0.0096,,,,,,,1,0,0,-1,-1.106272,-1.073627,2.179899,2939955.666828,2.166667,1.0,1.166667,29.803719,28.340057
12:31:17.089,0.026367,0.0234,0.043767,-1.026159,-1.01639,-0.268422,0.035867,0.028967,0.0524,0.0095,0.005567,0.008633,,,,,,,1,0,0,-1,-0.767506,-0.738199,1.505705,2939955.666828,2.166667,1.0,1.166667,29.803719,28.340057
12:31:17.188,0.026467,0.023533,0.0374,-1.020412,-1.005638,-0.628415,0.035967,0.0292,0.045233,0.0095,0.005667,0.007833,,,,,,,1,0,-1,-1,-0.406772,-0.362448,0.76922,2939955.666828,2.166667,1.0,1.166667,29.803719,28.340057
12:31:17.287,0.026567,0.023667,0.0333,-1.014665,-0.994885,-0.860242,0.036033,0.0293,0.0402,0.009467,0.005633,0.0069,,,,,,,1,0,-1,-1,-0.174203,-0.114862,0.289065,2939955.666828,2.166667,1.0,1.166667,29.803719,28.340057
12:31:17.392,0.026467,0.0241,0.0316,-1.020412,-0.959939,-0.956366,0.036067,0.029733,0.037833,0.0096,0.005633,0.006233,,,,,,,1,0,-1,-1,-0.12452,0.056901,0.067619,2939955.833494,2.333333,1.166667,1.166667,21.805109,28.340057
12:31:17.508,0.025633,0.023833,0.0308,-1.068306,-0.981444,-1.001601,0.033633,0.027967,0.034933,0.008,0.004133,0.004133,,,,,,,2,1,-1,-1,0.153567,-0.107018,-0.046549,2939955.833494,2.333333,1.166667,1.166667,21.805109,28.340057
12:31:17.603,0.025467,0.024133,0.0309,-1.077885,-0.95725,-0.995947,0.034133,0.029,0.035633,0.008667,0.004867,0.004733,,,,,,,2,1,-1,-1,0.202572,-0.159332,-0.043241,2939956.000161,2.5,1.333333,1.166667,29.481586,28.340057
12:31:17.695,0.023633,0.0228,0.0293,-1.18325,-1.064777,-1.086416,0.0324,0.0278,0.034167,0.008767,0.005,0.004867,,,,,,,3,2,-1,-1,-0.215307,0.140113,0.075194,2939956.000161,2.5,1.333333,1.166667,29.481586,28.340057
12:31:17.809,0.024767,0.024033,0.0307,-1.118115,-0.965315,-1.007255,0.034633,0.030133,0.036767,0.009867,0.0061,0.006067,,,,,,,3,2,-1,-1,-0.263659,0.19474,0.068919,2939956.000161,2.5,1.333333,1.166667,29.481586,28.340057
12:31:17.923,0.0232,0.023133,0.0291,-1.208154,-1.037895,-1.097724,0.0323,0.0286,0.034533,0.0091,0.005467,0.005433,,,,,,,3,2,-1,-1,-0.280688,0.230088,0.0506,2939956.000161,2.5,1.333333,1.166667,29.481586,28.340057
12:31:18.016,0.023867,0.0242,0.029433,-1.169839,-0.951874,-1.078876,0.032767,0.0298,0.0349,0.0089,0.0056,0.005467,,,,,,,3,2,-1,-1,-0.308928,0.344968,-0.03604,2939956.000161,2.5,1.333333,1.166667,29.481586,28.340057
12:31:18.119,0.023833,0.025267,0.029067,-1.171755,-0.865852,-1.099609,0.033133,0.031267,0.034933,0.0093,0.006,0.005867,,,,,,,3,2,-1,-1,-0.378049,0.539659,-0.16161,2939956.000161,2.5,1.333333,1.166667,29.481586,28.340057
12:31:18.222,0.025967,0.028733,0.0311,-1.049148,-0.586284,-0.984638,0.0352,0.034733,0.0368,0.009233,0.006,0.0057,,,,,,,3,2,-1,-1,-0.527375,0.861218,-0.333843,2939956.000161,2.5,1.333333,1.166667,29.481586,28.340057
12:31:18.328,0.027233,0.031967,0.0317,-0.976351,-0.325532,-0.950712,0.036433,0.038033,0.037233,0.0092,0.006067,0.005533,,,,,,,3,2,-1,-1,-0.676458,1.275998,-0.59954,2939956.000161,2.5,1.333333,1.166667,29.481586,28.340057
12:31:18.433,0.027167,0.0341,0.030967,-0.980182,-0.153491,-0.992177,0.036367,0.040367,0.0363,0.0092,0.006267,0.005333,,,,,,,3,2,-1,-1,-0.814697,1.665378,-0.850681,2939956.000161,2.5,1.333333,1.166667,29.481586,28.340057
12:31:18.525,0.027667,0.036667,0.030167,-0.951446,0.053497,-1.037411,0.036967,0.0436,0.035467,0.0093,0.006933,0.0053,,,,,,,3,2,-1,-1,-0.918979,2.095852,-1.176873,2939956.166828,2.666667,1.5,1.166667,23.89444,28.340057
12:31:18.708,0.028467,0.039633,0.030267,-0.905469,0.292744,-1.031757,0.0362,0.0453,0.033933,0.007733,0.005667,0.003667,,,,,,,4,0,-1,-1,1.071924,-2.522714,1.450789,2939956.166828,2.666667,1.5,1.166667,23.89444,28.340057
12:31:18.730,0.026033,0.037967,0.0272,-1.045317,0.158336,-1.205156,0.034833,0.045433,0.031933,0.0088,0.007467,0.004733,,,,,,,4,0,-1,-1,1.043814,-2.567145,1.523331,2939956.166828,2.666667,1.5,1.166667,23.89444,28.340057
12:31:18.842,0.025333,0.0394,0.0268,-1.085547,0.273927,-1.227774,0.0337,0.0461,0.0311,0.008367,0.0067,0.0043,,,,,,,4,0,-1,-1,1.217247,-2.861176,1.643929,2939956.166828,2.666667,1.5,1.166667,23.89444,28.340057
12:31:18.940,0.0242,0.0398,0.026633,-1.150681,0.306185,-1.237198,0.034167,0.048467,0.0324,0.009967,0.008667,0.005767,,,,,,,4,0,-1,-1,1.37035,-3.00025,1.6299,2939956.166828,2.666667,1.5,1.166667,23.89444,28.340057
12:31:19.048,0.026467,0.045133,0.029767,-1.020412,0.736291,-1.060029,0.035633,0.0528,0.034567,0.009167,0.007667,0.0048,,,,,,,4,0,2,-1,1.717086,-3.553023,1.835937,2939956.166828,2.666667,1.5,1.166667,23.89444,28.340057
12:31:19.143,0.0261,0.045933,0.029633,-1.041485,0.800805,-1.067568,0.035767,0.054767,0.035,0.009667,0.008833,0.005367,,,,,,,4,0,2,-1,1.816208,-3.710664,1.894456,2939956.166828,2.666667,1.5,1.166667,23.89444,28.340057
12:31:19.243,0.0259,0.046633,0.028667,-1.05298,0.857257,-1.122226,0.035533,0.055633,0.0341,0.009633,0.009,0.005433,,,,,,,4,0,2,-1,1.84099,-3.88972,2.04873,2939956.166828,2.666667,1.5,1.166667,23.89444,28.340057
12:31:19.346,0.025933,0.0471,0.0278,-1.051064,0.89489,-1.171231,0.0355,0.056367,0.033233,0.009567,0.009267,0.005433,,,,,,,4,0,2,-1,1.825788,-4.012075,2.186287,2939956.166828,2.666667,1.5,1.166667,23.89444,28.340057
12:31:19.446,0.025967,0.047867,0.027433,-1.049148,0.956719,-1.191963,0.0355,0.0572,0.032667,0.009533,0.009333,0.005233,,,,,,,4,0,2,-1,1.863052,-4.154549,2.291497,2939956.166828,2.666667,1.5,1.166667,23.89444,28.340057
12:31:19.545,0.0263,0.048633,0.027567,-1.029991,1.018546,-1.184424,0.035933,0.058233,0.0327,0.009633,0.0096,0.005133,,,,,,,4,0,2,-1,1.894104,-4.251507,2.357403,2939956.166828,2.666667,1.5,1.166667,23.89444,28.340057
12:31:19.650,0.026633,0.049367,0.027867,-1.010834,1.077686,-1.167461,0.036233,0.058767,0.032967,0.0096,0.0094,0.0051,,,,,,,4,0,2,-1,1.931892,-4.333667,2.401775,2939956.166828,2.666667,1.5,1.166667,23.89444,28.340057
12:31:19.761,0.025167,0.0469,0.026367,-1.095126,0.878762,-1.252276,0.0333,0.054533,0.030133,0.008133,0.007633,0.003767,,,,,,,4,0,2,-1,1.816738,-4.104927,2.288189,2939956.166828,2.666667,1.5,1.166667,23.89444,28.340057
12:31:19.856,0.0246,0.046267,0.025767,-1.127693,0.827688,-1.286202,0.033233,0.054567,0.030133,0.008633,0.0083,0.004367,,,,,,,4,0,2,-1,1.796872,-4.069272,2.2724,2939956.166828,2.666667,1.5,1.166667,23.89444,28.340057
12:31:19.956,0.024067,0.0457,0.025533,-1.158345,0.781988,-1.299396,0.032667,0.053967,0.0298,0.0086,0.008267,0.004267,,,,,,,4,0,2,-1,1.799282,-4.021717,2.222435,2939956.166828,2.666667,1.5,1.166667,23.89444,28.340057
12:31:20.056,0.025733,0.048133,0.026967,-1.062558,0.978223,-1.21835,0.035733,0.058167,0.032567,0.01,0.010033,0.0056,,,,,,,4,0,2,-1,1.88499,-4.237354,2.352365,2939956.166828,2.666667,1.5,1.166667,23.89444,28.340057
12:31:20.161,0.026267,0.048933,0.0274,-1.031907,1.042739,-1.193848,0.0358,0.058233,0.032467,0.009533,0.0093,0.005067,,,,,,,4,0,2,-1,1.912705,-4.311234,2.398529,2939956.166828,2.666667,1.5,1.166667,23.89444,28.340057
12:31:20.259,0.0266,0.049267,0.027333,-1.012749,1.06962,-1.197617,0.035967,0.058433,0.0324,0.009367,0.009167,0.005067,,,,,,,4,0,2,-1,1.897502,-4.349608,2.452106,2939956.166828,2.666667,1.5,1.166667,23.89444,28.340057
12:31:20.359,0.0265,0.049167,0.027233,-1.018496,1.061556,-1.203272,0.035967,0.0585,0.0324,0.009467,0.009333,0.005167,,,,,,,4,0,2,-1,1.895277,-4.34488,2.449603,2939956.166828,2.666667,1.5,1.166667,23.89444,28.340057
12:31:20.461,0.026467,0.049267,0.0274,-1.020412,1.06962,-1.193848,0.035867,0.058433,0.0325,0.0094,0.009167,0.0051,,,,,,,4,0,2,-1,1.916597,-4.3535,2.436904,2939956.166828,2.666667,1.5,1.166667,23.89444,28.340057
12:31:20.563,0.0263,0.049133,0.027467,-1.02999,1.058868,-1.190078,0.0358,0.058467,0.0326,0.0095,0.009333,0.005133,,,,,,,4,0,2,-1,1.928771,-4.337805,2.409034,2939956.166828,2.666667,1.5,1.166667,23.89444,28.340057
12:31:20.653,0.024433,0.046167,0.0255,-1.137272,0.819623,-1.30128,0.033933,0.055433,0.0306,0.0095,0.009267,0.0051,,,,,,,4,0,2,-1,1.792887,-4.077798,2.284911,2939956.166828,2.666667,1.5,1.166667,23.89444,28.340057
12:31:20.773,0.024667,0.046533,0.025633,-1.123862,0.849193,-1.293741,0.033633,0.055033,0.030433,0.008967,0.0085,0.0048,,,,,,,4,0,2,-1,1.803176,-4.115989,2.312813,2939956.166828,2.666667,1.5,1.166667,23.89444,28.340057
12:31:20.898,0.025567,0.047367,0.026067,-1.072137,0.916397,-1.269239,0.033067,0.054033,0.029467,0.0075,0.006667,0.0034,,,,,,,4,0,2,-1,1.791433,-4.17417,2.382738,2939956.166828,2.666667,1.5,1.166667,23.89444,28.340057
12:31:20.993,0.0274,0.050233,0.027967,-0.966772,1.147578,-1.161807,0.035533,0.057633,0.031867,0.008133,0.0074,0.0039,,,,,,,4,0,2,-1,1.919316,-4.423737,2.50442,2939956.166828,2.666667,1.5,1.166667,23.89444,28.340057
12:31:21.092,0.027167,0.049767,0.0278,-0.980182,1.109944,-1.171231,0.0357,0.0579,0.032,0.008533,0.008133,0.0042,,,,,,,4,0,2,-1,1.899077,-4.371302,2.472224,2939956.166828,2.666667,1.5,1.166667,23.89444,28.340057
12:31:21.194,0.026167,0.0488,0.027233,-1.037654,1.031987,-1.203272,0.0363,0.0589,0.032867,0.010133,0.0101,0.005633,,,,,,,4,0,2,-1,1.904023,-4.3049,2.400877,2939956.166828,2.666667,1.5,1.166667,23.89444,28.340057
12:31:21.297,0.0258,0.048567,0.0273,-1.058727,1.01317,-1.199502,0.0355,0.058033,0.032433,0.0097,0.009467,0.005133,,,,,,,4,0,2,-1,1.931121,-4.284569,2.353447,2939956.166828,2.666667,1.5,1.166667,23.89444,28.340057
12:31:21.402,0.026033,0.048733,0.027567,-1.045317,1.026611,-1.184424,0.035367,0.057767,0.032433,0.009333,0.009033,0.004867,,,,,,,4,0,2,-1,1.93282,-4.282962,2.350142,2939956.166828,2.666667,1.5,1.166667,23.89444,28.340057
12:31:21.501,0.025967,0.048533,0.0275,-1.049148,1.010482,-1.188193,0.035367,0.057667,0.032433,0.0094,0.009133,0.004933,,,,,,,4,0,2,-1,1.920585,-4.258305,2.33772,2939956.166828,2.666667,1.5,1.166667,23.89444,28.340057
12:31:21.607,0.026433,0.049133,0.0276,-1.022328,1.058869,-1.182539,0.035667,0.058167,0.0326,0.009233,0.009033,0.005,,,,,,,4,0,2,-1,1.920986,-4.322605,2.401619,2939956.166828,2.666667,1.5,1.166667,23.89444,28.340057
12:31:21.706,0.026,0.048933,0.0273,-1.047233,1.04274,-1.199502,0.035867,0.058533,0.0326,0.009867,0.0096,0.0053,,,,,,,4,0,2,-1,1.937703,-4.332214,2.394511,2939956.166828,2.666667,1.5,1.166667,23.89444,28.340057
12:31:21.806,0.0259,0.048967,0.027333,-1.05298,1.045428,-1.197618,0.035767,0.0585,0.0326,0.009867,0.009533,0.005267,,,,,,,4,0,2,-1,1.95377,-4.341454,2.387683,2939956.166828,2.666667,1.5,1.166667,23.89444,28.340057
12:31:21.917,0.025867,0.0489,0.027433,-1.054895,1.040051,-1.191963,0.035633,0.0584,0.032633,0.009767,0.0095,0.0052,,,,,,,4,0,2,-1,1.957879,-4.326962,2.369082,2939956.166828,2.666667,1.5,1.166667,23.89444,28.340057
12:31:22.028,0.024933,0.047233,0.026333,-1.108536,0.905643,-1.254161,0.033033,0.054667,0.0301,0.0081,0.007433,0.003767,,,,,,,4,0,2,-1,1.868555,-4.173984,2.305429,2939956.166828,2.666667,1.5,1.166667,23.89444,28.340057
12:31:22.124,0.025033,0.046967,0.026033,-1.102789,0.884139,-1.271124,0.033433,0.055,0.0303,0.0084,0.008033,0.004267,,,,,,,4,0,2,-1,1.818592,-4.14219,2.323598,2939956.166828,2.666667,1.5,1.166667,23.89444,28.340057
12:31:22.226,0.024933,0.046733,0.026,-1.108536,0.865322,-1.273009,0.033333,0.054733,0.0302,0.0084,0.008,0.0042,,,,,,,4,0,2,-1,1.809384,-4.112188,2.302804,2939956.166828,2.666667,1.5,1.166667,23.89444,28.340057
12:31:22.330,0.026033,0.048333,0.027133,-1.045317,0.994353,-1.208926,0.035833,0.058333,0.032667,0.0098,0.01,0.005533,,,,,,,4,0,2,-1,1.87606,-4.242949,2.366889,2939956.166828,2.666667,1.5,1.166667,23.89444,28.340057
12:31:22.429,0.026167,0.048567,0.027467,-1.037653,1.01317,-1.190078,0.0357,0.058267,0.0326,0.009533,0.0097,0.005133,,,,,,,4,0,2,-1,1.898398,-4.254072,2.355674,2939956.166828,2.666667,1.5,1.166667,23.89444,28.340057
12:31:22.529,0.025833,0.048267,0.027367,-1.056811,0.988977,-1.195733,0.035567,0.057967,0.0325,0.009733,0.0097,0.005133,,,,,,,4,0,2,-1,1.906866,-4.230498,2.323632,2939956.166828,2.666667,1.5,1.166667,23.89444,28.340057
12:31:22.626,0.025633,0.047633,0.027267,-1.068305,0.937902,-1.201387,0.0355,0.0575,0.032467,0.009867,0.009867,0.0052,,,,,,,4,0,2,-1,1.873126,-4.145496,2.27237,2939956.166828,2.666667,1.5,1.166667,23.89444,28.340057
12:31:22.731,0.0259,0.048033,0.0274,-1.05298,0.97016,-1.193848,0.0357,0.0576,0.032633,0.0098,0.009567,0.005233,,,,,,,4,0,2,-1,1.882272,-4.187149,2.304876,2939956.166828,2.666667,0.0,1.5,0.0,23.89444
12:31:22.831,0.026,0.0483,0.027433,-1.047233,0.991665,-1.191963,0.035867,0.0582,0.032733,0.009867,0.0099,0.0053,,,,,,,4,0,2,-1,1.894166,-4.222525,2.328359,2939956.166828,2.666667,0.0,1.5,0.0,23.89444
12:31:22.936,0.026033,0.048833,0.0275,-1.045317,1.034675,-1.188194,0.036033,0.058667,0.032767,0.01,0.009833,0.005267,,,,,,,4,0,2,-1,1.937115,-4.302861,2.365746,2939956.166828,2.666667,0.0,1.5,0.0,23.89444
12:31:23.037,0.026167,0.048667,0.027633,-1.037654,1.021234,-1.180655,0.036033,0.058667,0.032733,0.009867,0.01,0.0051,,,,,,,4,0,2,-1,1.915888,-4.260777,2.34489,2939956.166828,2.666667,0.0,1.5,0.0,23.89444
12:31:23.158,0.025667,0.047433,0.026733,-1.06639,0.921773,-1.231544,0.033633,0.054967,0.030267,0.007967,0.007533,0.003533,,,,,,,4,0,2,-1,1.823009,-4.14148,2.318471,2939956.166828,2.666667,0.0,1.5,0.0,23.89444
12:31:23.252,0.0259,0.047467,0.026967,-1.05298,0.924461,-1.218351,0.033933,0.055467,0.030667,0.008033,0.008,0.0037,,,,,,,4,0,2,-1,1.812071,-4.120254,2.308183,2939956.166828,2.666667,0.0,1.5,0.0,23.89444
12:31:23.352,0.025333,0.0474,0.026733,-1.085547,0.919084,-1.231544,0.033533,0.055133,0.030467,0.0082,0.007733,0.003733,,,,,,,4,0,2,-1,1.858635,-4.15526,2.296625,2939956.166828,2.666667,0.0,1.5,0.0,23.89444
12:31:23.451,0.025833,0.048233,0.027567,-1.056811,0.986288,-1.184424,0.035833,0.0583,0.032833,0.01,0.010067,0.005267,,,,,,,4,0,2,-1,1.915486,-4.213812,2.298326,2939956.166828,2.666667,0.0,1.5,0.0,23.89444
12:31:23.549,0.023467,0.044933,0.0252,-1.192828,0.72016,-1.318243,0.033467,0.0548,0.030467,0.01,0.009867,0.005267,,,,,,,4,0,2,-1,1.787573,-3.951392,2.163818,2939956.166828,2.666667,0.0,1.5,0.0,23.89444
12:31:23.661,0.0241,0.045833,0.0257,-1.156429,0.792741,-1.289971,0.033367,0.054533,0.030467,0.009267,0.0087,0.004767,,,,,,,4,0,2,-1,1.815627,-4.031883,2.216255,2939956.166828,2.666667,0.0,1.5,0.0,23.89444
12:31:23.759,0.024,0.046,0.025733,-1.162176,0.806182,-1.288087,0.033333,0.054533,0.0305,0.009333,0.008533,0.004767,,,,,,,4,0,2,-1,1.842448,-4.062627,2.220179,2939956.166828,2.666667,0.0,1.5,0.0,23.89444
12:31:23.865,0.026633,0.0498,0.028033,-1.010834,1.112632,-1.158037,0.0358,0.057933,0.032667,0.009167,0.008133,0.004633,,,,,,,4,0,2,-1,1.976262,-4.394135,2.417873,2939956.166828,2.666667,0.0,1.5,0.0,23.89444
12:31:23.963,0.026,0.0486,0.027467,-1.047232,1.015858,-1.190078,0.0357,0.057833,0.032567,0.0097,0.009233,0.0051,,,,,,,4,0,2,-1,1.920244,-4.269027,2.348783,2939956.166828,2.666667,0.0,1.5,0.0,23.89444
12:31:24.065,0.026233,0.0488,0.027467,-1.033822,1.031987,-1.190078,0.0358,0.057933,0.032567,0.009567,0.009133,0.0051,,,,,,,4,0,2,-1,1.909553,-4.287874,2.378321,2939956.166828,2.666667,0.0,1.5,0.0,23.89444
12:31:24.169,0.0257,0.048567,0.027233,-1.064474,1.013169,-1.203272,0.035333,0.0577,0.032433,0.009633,0.009133,0.0052,,,,,,,4,0,2,-1,1.938846,-4.294085,2.355239,2939956.166828,2.666667,0.0,1.5,0.0,23.89444
12:31:24.282,0.0246,0.046533,0.025733,-1.127693,0.849192,-1.288087,0.032733,0.0539,0.0295,0.008133,0.007367,0.003767,,,,,,,4,0,2,-1,1.816492,-4.114164,2.297673,2939956.166828,2.666667,0.0,1.5,0.0,23.89444
12:31:24.377,0.024333,0.046133,0.025367,-1.143019,0.816935,-1.308819,0.032933,0.054367,0.029567,0.0086,0.008233,0.0042,,,,,,,4,0,2,-1,1.794154,-4.085708,2.291554,2939956.166828,2.666667,0.0,1.5,0.0,23.89444
12:31:24.481,0.024567,0.046167,0.025467,-1.129609,0.819623,-1.303165,0.032967,0.054267,0.0295,0.0084,0.0081,0.004033,,,,,,,4,0,2,-1,1.775676,-4.072021,2.296344,2939956.166828,2.666667,0.0,1.5,0.0,23.89444
12:31:24.577,0.025633,0.048133,0.027033,-1.068305,0.978224,-1.21458,0.035633,0.0581,0.032467,0.01,0.009967,0.005433,,,,,,,4,0,2,-1,1.900254,-4.239333,2.339079,2939956.166828,2.666667,0.0,1.5,0.0,23.89444
12:31:24.682,0.026033,0.048767,0.0275,-1.045317,1.029298,-1.188193,0.035433,0.057867,0.032433,0.0094,0.0091,0.004933,,,,,,,4,0,2,-1,1.931738,-4.292107,2.360369,2939956.166828,2.666667,0.0,1.5,0.0,23.89444
12:31:24.784,0.025933,0.048633,0.027533,-1.051064,1.018546,-1.186309,0.035433,0.0579,0.0325,0.0095,0.009267,0.004967,,,,,,,4,0,2,-1,1.934365,-4.274465,2.3401,2939956.166828,2.666667,0.0,1.5,0.0,23.89444
12:31:24.884,0.026133,0.048933,0.027467,-1.03957,1.042739,-1.190078,0.0356,0.058233,0.0325,0.009467,0.0093,0.005033,,,,,,,4,0,2,-1,1.9318,-4.315127,2.383327,2939956.166828,2.666667,0.0,1.5,0.0,23.89444
12:31:24.988,0.026,0.048667,0.027467,-1.047233,1.021234,-1.190078,0.035767,0.058433,0.032633,0.009767,0.009767,0.005167,,,,,,,4,0,2,-1,1.925621,-4.279779,2.354158,2939956.166828,2.666667,0.0,1.5,0.0,23.89444
12:31:25.085,0.025633,0.048367,0.027267,-1.068306,0.997041,-1.201387,0.035733,0.0584,0.032633,0.0101,0.010033,0.005367,,,,,,,4,0,2,-1,1.932265,-4.263774,2.331509,2939956.166828,2.666667,0.0,1.5,0.0,23.89444
12:31:25.187,0.025533,0.0483,0.027333,-1.074053,0.991665,-1.197618,0.0357,0.0583,0.032633,0.010167,0.01,0.0053,,,,,,,4,0,2,-1,1.942152,-4.255,2.312847,2939956.166828,2.666667,0.0,1.5,0.0,23.89444
12:31:25.290,0.025333,0.048133,0.0272,-1.085547,0.978224,-1.205156,0.035533,0.058,0.032433,0.0102,0.009867,0.005233,,,,,,,4,0,2,-1,1.944161,-4.247151,2.302989,2939956.166828,2.666667,0.0,1.5,0.0,23.89444
12:31:25.409,0.024867,0.046733,0.026367,-1.112367,0.865321,-1.252276,0.033067,0.0543,0.029933,0.0082,0.007567,0.003567,,,,,,,4,0,2,-1,1.837779,-4.095285,2.257506,2939956.166828,2.666667,0.0,1.5,0.0,23.89444
12:31:25.503,0.024467,0.046233,0.026033,-1.135356,0.824999,-1.271124,0.0332,0.054567,0.030133,0.008733,0.008333,0.0041,,,,,,,4,0,2,-1,1.824587,-4.056477,2.23189,2939956.166828,2.666667,0.0,1.5,0.0,23.89444
12:31:25.602,0.0247,0.046533,0.026167,-1.121946,0.849192,-1.263585,0.033167,0.0545,0.0302,0.008467,0.007967,0.004033,,,,,,,4,0,2,-1,1.829499,-4.083915,2.254416,2939956.166828,2.666667,0.0,1.5,0.0,23.89444
12:31:25.703,0.025267,0.047767,0.0271,-1.089378,0.948654,-1.210811,0.035467,0.0577,0.032567,0.0102,0.009933,0.005467,,,,,,,4,0,2,-1,1.9166,-4.197497,2.280897,2939956.166828,2.666667,0.0,1.5,0.0,23.89444
12:31:25.806,0.025933,0.0488,0.027767,-1.051064,1.031987,-1.173115,0.0356,0.057967,0.032667,0.009667,0.009167,0.0049,,,,,,,4,0,2,-1,1.960999,-4.288154,2.327154,2939956.166828,2.666667,0.0,1.5,0.0,23.89444
12:31:25.904,0.025567,0.048833,0.0277,-1.072137,1.034676,-1.176885,0.035733,0.0583,0.0327,0.010167,0.009467,0.005,,,,,,,4,0,2,-1,2.002065,-4.318374,2.316308,2939956.166828,2.666667,0.0,1.5,0.0,23.89444
12:31:25.998,0.0243,0.046833,0.026433,-1.144935,0.873386,-1.248507,0.0346,0.0563,0.031467,0.0103,0.009467,0.005033,,,,,,,4,0,2,-1,1.914749,-4.140213,2.225464,2939956.166828,2.666667,0.0,1.5,0.0,23.89444
12:31:26.114,0.024433,0.047033,0.026233,-1.137272,0.889515,-1.259815,0.034133,0.055333,0.030933,0.0097,0.0083,0.0047,,,,,,,4,0,2,-1,1.904243,-4.176117,2.271874,2939956.166828,2.666667,0.0,1.5,0.0,23.89444
12:31:26.217,0.024667,0.047067,0.0263,-1.123861,0.892203,-1.256046,0.034067,0.055267,0.030933,0.0094,0.0082,0.004633,,,,,,,4,0,2,-1,1.88388,-4.164313,2.280433,2939956.166828,2.666667,0.0,1.5,0.0,23.89444
12:31:26.318,0.026033,0.049433,0.027567,-1.045316,1.083062,-1.184424,0.0353,0.057733,0.0322,0.009267,0.0083,0.004633,,,,,,,4,0,2,-1,1.989271,-4.395864,2.406594,2939956.166828,2.666667,0.0,1.5,0.0,23.89444
12:31:26.420,0.025367,0.0483,0.0272,-1.083631,0.991664,-1.205156,0.035367,0.0579,0.032333,0.01,0.0096,0.005133,,,,,,,4,0,2,-1,1.95377,-4.272116,2.318346,2939956.166828,2.666667,0.0,1.5,0.0,23.89444
12:31:26.538,0.024933,0.046967,0.026433,-1.108536,0.884138,-1.248507,0.033133,0.054333,0.030033,0.0082,0.007367,0.0036,,,,,,,4,0,2,-1,1.852704,-4.125319,2.272616,2939956.166828,2.666667,0.0,1.5,0.0,23.89444
12:31:26.633,0.024667,0.046333,0.025833,-1.123862,0.833063,-1.282433,0.0334,0.0545,0.030133,0.008733,0.008167,0.0043,,,,,,,4,0,2,-1,1.798355,-4.072421,2.274066,2939956.166828,2.666667,0.0,1.5,0.0,23.89444
12:31:26.732,0.024733,0.0466,0.026067,-1.120031,0.854568,-1.269239,0.033433,0.054733,0.030267,0.0087,0.008133,0.0042,,,,,,,4,0,2,-1,1.82539,-4.098407,2.273017,2939956.166828,2.666667,0.0,1.5,0.0,23.89444
12:31:26.832,0.0252,0.047833,0.0268,-1.09321,0.95403,-1.227774,0.035567,0.058,0.0325,0.010367,0.010167,0.0057,,,,,,,4,0,2,-1,1.912676,-4.229043,2.316368,2939956.166828,2.666667,0.0,1.5,0.0,23.89444
12:31:26.936,0.025733,0.0482,0.027333,-1.062558,0.9836,-1.197617,0.035467,0.057833,0.032467,0.009733,0.009633,0.005133,,,,,,,4,0,2,-1,1.911099,-4.227376,2.316277,2939956.166828,2.666667,0.0,1.5,0.0,23.89444
12:31:27.035,0.025533,0.048,0.027367,-1.074053,0.967471,-1.195733,0.035433,0.057733,0.0325,0.0099,0.009733,0.005133,,,,,,,4,0,2,-1,1.919843,-4.204727,2.284884,2939956.166828,2.666667,0.0,1.5,0.0,23.89444
12:31:27.133,0.025633,0.048133,0.0273,-1.068305,0.978224,-1.199502,0.035533,0.057967,0.0325,0.0099,0.009833,0.0052,,,,,,,4,0,2,-1,1.915332,-4.224255,2.308923,2939956.166828,2.666667,0.0,1.5,0.0,23.89444
12:31:27.239,0.025233,0.047667,0.0273,-1.091294,0.940589,-1.199502,0.035267,0.057533,0.0324,0.010033,0.009867,0.0051,,,,,,,4,0,2,-1,1.923676,-4.171975,2.248299,2939956.166828,2.666667,0.0,1.5,0.0,23.89444
12:31:27.338,0.025733,0.048033,0.027333,-1.062558,0.970159,-1.197617,0.035533,0.057767,0.0324,0.0098,0.009733,0.005067,,,,,,,4,0,2,-1,1.897658,-4.200494,2.302836,2939956.166828,2.666667,0.0,1.5,0.0,23.89444
12:31:27.433,0.025567,0.047333,0.027333,-1.072137,0.913707,-1.197617,0.035467,0.057533,0.0324,0.0099,0.0102,0.005067,,,,,,,4,0,2,-1,1.860364,-4.097169,2.236805,2939956.166828,2.666667,0.0,1.5,0.0,23.89444
12:31:27.537,0.0259,0.048033,0.027433,-1.05298,0.970159,-1.191963,0.035833,0.058133,0.032567,0.009933,0.0101,0.005133,,,,,,,4,0,2,-1,1.884155,-4.18526,2.301105,2939956.166828,2.666667,0.0,1.5,0.0,23.89444
12:31:27.656,0.025167,0.046867,0.026567,-1.095126,0.876074,-1.240967,0.0333,0.0548,0.030267,0.008133,0.007933,0.0037,,,,,,,4,0,2,-1,1.825358,-4.088241,2.262882,2939956.166828,2.666667,0.0,1.5,0.0,23.89444
12:31:27.744,0.023467,0.0443,0.024733,-1.192828,0.669087,-1.34463,0.0321,0.052633,0.028967,0.008633,0.008333,0.004233,,,,,,,4,0,2,-1,1.710113,-3.875632,2.165519,2939956.166828,2.666667,0.0,1.5,0.0,23.89444
12:31:27.859,0.023733,0.044933,0.0251,-1.177503,0.720162,-1.323898,0.0317,0.0521,0.028867,0.007967,0.007167,0.003767,,,,,,,4,0,2,-1,1.751269,-3.941724,2.190454,2939956.166828,2.666667,0.0,1.5,0.0,23.89444
12:31:27.952,0.024333,0.045767,0.025833,-1.143019,0.787365,-1.282432,0.034,0.0552,0.0311,0.009667,0.009433,0.005267,,,,,,,4,0,2,-1,1.790971,-4.000183,2.209211,2939956.166828,2.666667,0.0,1.5,0.0,23.89444
12:31:28.055,0.026133,0.048533,0.027667,-1.039569,1.010481,-1.17877,0.035267,0.057467,0.0324,0.009133,0.008933,0.004733,,,,,,,4,0,2,-1,1.910851,-4.239302,2.328451,2939956.166828,2.666667,0.0,1.5,0.0,23.89444
12:31:28.155,0.025833,0.047733,0.0272,-1.056811,0.945966,-1.205157,0.0355,0.0578,0.032467,0.009667,0.010067,0.005267,,,,,,,4,0,2,-1,1.854431,-4.153899,2.299468,2939956.166828,2.666667,0.0,1.5,0.0,23.89444
12:31:28.255,0.0259,0.048033,0.027233,-1.05298,0.970159,-1.203272,0.035533,0.057933,0.032467,0.009633,0.0099,0.005233,,,,,,,4,0,2,-1,1.872846,-4.196569,2.323723,2939956.166828,2.666667,0.0,1.5,0.0,23.89444
12:31:28.356,0.0261,0.048433,0.027233,-1.041485,1.002417,-1.203272,0.035667,0.058133,0.032467,0.009567,0.0097,0.005233,,,,,,,4,0,2,-1,1.882116,-4.249591,2.367475,2939956.166828,2.666667,0.0,1.5,0.0,23.89444
12:31:28.456,0.026333,0.048833,0.0274,-1.028075,1.034675,-1.193848,0.035933,0.0585,0.0326,0.0096,0.009667,0.0052,,,,,,,4,0,2,-1,1.896978,-4.291273,2.394295,2939956.166828,2.666667,0.0,1.5,0.0,23.89444
12:31:28.555,0.0265,0.048933,0.0275,-1.018497,1.04274,-1.188194,0.036233,0.058833,0.032733,0.009733,0.0099,0.005233,,,,,,,4,0,2,-1,1.891539,-4.29217,2.40063,2939956.166828,2.666667,0.0,1.5,0.0,23.89444
12:31:28.652,0.024767,0.0459,0.0259,-1.118115,0.798118,-1.278663,0.034733,0.0561,0.031233,0.009967,0.0102,0.005333,,,,,,,4,0,2,-1,1.755685,-3.993014,2.237329,2939956.166828,2.666667,0.0,1.5,0.0,23.89444
12:31:28.783,0.025933,0.0471,0.026733,-1.051064,0.894892,-1.231544,0.033967,0.055,0.0304,0.008033,0.0079,0.003667,,,,,,,4,0,2,-1,1.765477,-4.072392,2.306915,2939956.166828,2.666667,0.0,1.5,0.0,23.89444
12:31:28.887,0.026267,0.047633,0.026867,-1.031907,0.937902,-1.224005,0.033933,0.055067,0.030433,0.007667,0.007433,0.003567,,,,,,,4,0,2,-1,1.777711,-4.131716,2.354004,2939956.166828,2.666667,0.0,1.5,0.0,23.89444
12:31:28.987,0.027967,0.050633,0.028533,-0.934204,1.179836,-1.129766,0.035433,0.057633,0.032033,0.007467,0.007,0.0035,,,,,,,4,0,2,-1,1.918479,-4.423642,2.505163,2939956.166828,2.666667,0.0,1.5,0.0,23.89444
12:31:29.085,0.026667,0.049167,0.027667,-1.008918,1.061557,-1.17877,0.035867,0.058167,0.032667,0.0092,0.009,0.005,,,,,,,4,0,2,-1,1.900624,-4.310802,2.410179,2939956.166828,2.666667,0.0,1.5,0.0,23.89444
12:31:29.188,0.0261,0.048133,0.027367,-1.041485,0.978224,-1.195733,0.035533,0.057533,0.032467,0.009433,0.0094,0.0051,,,,,,,4,0,2,-1,1.865462,-4.193666,2.328205,2939956.166828,2.666667,0.0,1.5,0.0,23.89444
12:31:29.287,0.0262,0.0482,0.027433,-1.035738,0.9836,-1.191963,0.0354,0.0575,0.032433,0.0092,0.0093,0.005,,,,,,,4,0,2,-1,1.863113,-4.194902,2.331789,2939956.166828,2.666667,0.0,1.5,0.0,23.89444
12:31:29.390,0.0259,0.047767,0.027333,-1.05298,0.948654,-1.197617,0.0353,0.057233,0.032367,0.0094,0.009467,0.005033,,,,,,,4,0,2,-1,1.856996,-4.147906,2.29091,2939956.166828,2.666667,0.0,1.5,0.0,23.89444
12:31:29.492,0.0262,0.048267,0.027333,-1.035738,0.988976,-1.197617,0.035633,0.057667,0.0324,0.009433,0.0094,0.005067,,,,,,,4,0,2,-1,1.862836,-4.211308,2.348473,2939956.166828,2.666667,0.0,1.5,0.0,23.89444
12:31:29.594,0.026033,0.048367,0.027233,-1.045317,0.997041,-1.203272,0.0357,0.057867,0.0324,0.009667,0.0095,0.005167,,,,,,,4,0,2,-1,1.884403,-4.24267,2.358267,2939956.166828,2.666667,0.0,1.5,0.0,23.89444
12:31:29.693,0.025833,0.0484,0.027233,-1.056811,0.999729,-1.203272,0.035667,0.057967,0.032433,0.009833,0.009567,0.0052,,,,,,,4,0,2,-1,1.91008,-4.259541,2.349461,2939956.166828,2.666667,0.0,1.5,0.0,23.89444
12:31:29.799,0.0257,0.0483,0.0274,-1.064474,0.991664,-1.193848,0.0356,0.057933,0.032533,0.0099,0.009633,0.005133,,,,,,,4,0,2,-1,1.926765,-4.241651,2.314886,2939956.166828,2.666667,0.0,1.5,0.0,23.89444
12:31:29.914,0.0248,0.046733,0.026333,-1.116199,0.865321,-1.254161,0.033133,0.054267,0.030067,0.008333,0.007533,0.003733,,,,,,,4,0,2,-1,1.843558,-4.101003,2.257445,2939956.166828,2.666667,0.0,1.5,0.0,23.89444
12:31:30.007,0.024667,0.046533,0.025833,-1.123862,0.849193,-1.282433,0.0335,0.0549,0.0303,0.008833,0.008367,0.004467,,,,,,,4,0,2,-1,1.814483,-4.10468,2.290197,2939956.166828,2.666667,0.0,1.5,0.0,23.89444
12:31:30.113,0.0245,0.046533,0.025767,-1.133441,0.849193,-1.286203,0.033267,0.054633,0.030233,0.008767,0.0081,0.004467,,,,,,,4,0,2,-1,1.829871,-4.118028,2.288157,2939956.166828,2.666667,0.0,1.5,0.0,23.89444
12:31:30.210,0.024867,0.047367,0.026733,-1.112367,0.916396,-1.231544,0.0356,0.057867,0.0326,0.010733,0.0105,0.005867,,,,,,,4,0,2,-1,1.909587,-4.176703,2.267116,2939956.166828,2.666667,0.0,1.5,0.0,23.89444
12:31:30.313,0.0256,0.048233,0.0275,-1.070221,0.986288,-1.188194,0.035833,0.057933,0.032667,0.010233,0.0097,0.005167,,,,,,,4,0,2,-1,1.938537,-4.230991,2.292454,2939956.166828,2.666667,0.0,1.5,0.0,23.89444
12:31:30.413,0.0254,0.048067,0.0274,-1.081715,0.972847,-1.193848,0.035867,0.058233,0.0327,0.010467,0.010167,0.0053,,,,,,,4,0,2,-1,1.94243,-4.221258,2.278828,2939956.166828,2.666667,0.0,1.5,0.0,23.89444
12:31:30.513,0.026,0.048667,0.027567,-1.047232,1.021234,-1.184424,0.035967,0.0584,0.0328,0.009967,0.009733,0.005233,,,,,,,4,0,2,-1,1.931275,-4.274125,2.34285,2939956.166828,2.666667,0.0,1.5,0.0,23.89444
12:31:30.618,0.025533,0.0483,0.027267,-1.074053,0.991664,-1.201387,0.035433,0.058,0.0325,0.0099,0.0097,0.005233,,,,,,,4,0,2,-1,1.938383,-4.258769,2.320385,2939956.166828,2.666667,0.0,1.5,0.0,23.89444
12:31:30.717,0.025633,0.0481,0.027333,-1.068305,0.975536,-1.197617,0.035333,0.057567,0.0325,0.0097,0.009467,0.005167,,,,,,,4,0,2,-1,1.914529,-4.216994,2.302465,2939956.166828,2.666667,0.0,1.5,0.0,23.89444
12:31:30.816,0.0257,0.048333,0.027333,-1.064474,0.994353,-1.197617,0.035367,0.057767,0.0325,0.009667,0.009433,0.005167,,,,,,,4,0,2,-1,1.925684,-4.250797,2.325114,2939956.166828,2.666667,0.0,1.5,0.0,23.89444
12:31:30.920,0.0258,0.048367,0.027433,-1.058727,0.997041,-1.191963,0.0354,0.057733,0.0325,0.0096,0.009367,0.005067,,,,,,,4,0,2,-1,1.922531,-4.244771,2.322241,2939956.166828,2.666667,0.0,1.5,0.0,23.89444
12:31:31.038,0.025233,0.0475,0.026567,-1.091294,0.927149,-1.240967,0.033233,0.054633,0.030167,0.008,0.007133,0.0036,,,,,,,4,0,2,-1,1.86877,-4.186559,2.317789,2939956.166828,2.666667,0.0,1.5,0.0,23.89444
12:31:31.133,0.0246,0.046833,0.026033,-1.127694,0.873386,-1.271124,0.0334,0.0549,0.030233,0.0088,0.008067,0.0042,,,,,,,4,0,2,-1,1.857649,-4.145589,2.28794,2939956.166828,2.666667,0.0,1.5,0.0,23.89444
12:31:31.233,0.024667,0.046867,0.0261,-1.123862,0.876074,-1.267354,0.033367,0.054767,0.030333,0.0087,0.0079,0.004233,,,,,,,4,0,2,-1,1.856444,-4.143365,2.286921,2939956.166828,2.666667,0.0,1.5,0.0,23.89444
12:31:31.335,0.0257,0.0483,0.026967,-1.064474,0.991665,-1.21835,0.035767,0.058267,0.0326,0.010067,0.009967,0.005633,,,,,,,4,0,2,-1,1.902263,-4.266153,2.363891,2939956.166828,2.666667,0.0,1.5,0.0,23.89444
12:31:31.438,0.026067,0.048333,0.0274,-1.043401,0.994352,-1.193848,0.035533,0.057733,0.032467,0.009467,0.0094,0.005067,,,,,,,4,0,2,-1,1.887306,-4.225954,2.338647,2939956.166828,2.666667,0.0,1.5,0.0,23.89444
12:31:31.540,0.026167,0.048633,0.027367,-1.037654,1.018546,-1.195733,0.0356,0.0581,0.032467,0.009433,0.009467,0.0051,,,,,,,4,0,2,-1,1.898121,-4.270479,2.372358,2939956.166828,2.666667,0.0,1.5,0.0,23.89444
12:31:31.639,0.026,0.048333,0.0274,-1.047232,0.994353,-1.193848,0.035433,0.057933,0.032433,0.009433,0.0096,0.005033,,,,,,,4,0,2,-1,1.89497,-4.229785,2.334816,2939956.166828,2.666667,0.0,1.5,0.0,23.89444
12:31:31.745,0.0259,0.048133,0.027367,-1.05298,0.978224,-1.195733,0.0353,0.0578,0.0324,0.0094,0.009667,0.005033,,,,,,,4,0,2,-1,1.88845,-4.20516,2.316709,2939956.166828,2.666667,0.0,1.5,0.0,23.89444
12:31:31.840,0.025833,0.047667,0.027333,-1.056811,0.940589,-1.197617,0.035333,0.057533,0.0324,0.0095,0.009867,0.005067,,,,,,,4,0,2,-1,1.856594,-4.135607,2.279013,2939956.166828,2.666667,0.0,1.5,0.0,23.89444
12:31:31.941,0.025767,0.0478,0.027267,-1.060642,0.951342,-1.201387,0.035567,0.057567,0.032433,0.0098,0.009767,0.005167,,,,,,,4,0,2,-1,1.87124,-4.164713,2.293474,2939956.166828,2.666667,0.0,1.5,0.0,23.89444
12:31:32.043,0.025733,0.048033,0.027233,-1.062558,0.970159,-1.203272,0.0356,0.057767,0.032467,0.009867,0.009733,0.005233,,,,,,,4,0,2,-1,1.892004,-4.206149,2.314145,2939956.166828,2.666667,0.0,1.5,0.0,23.89444
12:31:32.163,0.025033,0.0469,0.0264,-1.102788,0.878762,-1.250391,0.0332,0.0544,0.030067,0.008167,0.0075,0.003667,,,,,,,4,0,2,-1,1.833948,-4.110703,2.276756,2939956.166828,2.666667,0.0,1.5,0.0,23.89444
12:31:32.259,0.025167,0.046733,0.026433,-1.095126,0.865321,-1.248506,0.0338,0.055067,0.030633,0.008633,0.008333,0.0042,,,,,,,4,0,2,-1,1.807067,-4.074275,2.267208,2939956.166828,2.666667,0.0,1.5,0.0,23.89444
12:31:32.359,0.0254,0.046733,0.026467,-1.081716,0.865322,-1.246622,0.034067,0.055233,0.030733,0.008667,0.0085,0.004267,,,,,,,4,0,2,-1,1.782132,-4.058981,2.276849,2939956.166828,2.666667,0.0,1.5,0.0,23.89444
12:31:32.457,0.0259,0.0478,0.027167,-1.05298,0.951343,-1.207041,0.0365,0.0586,0.033067,0.0106,0.0108,0.0059,,,,,,,4,0,2,-1,1.850262,-4.162707,2.312445,2939956.166828,2.666667,0.0,1.5,0.0,23.89444
12:31:32.564,0.0255,0.047433,0.027033,-1.075968,0.921773,-1.21458,0.035567,0.0577,0.032367,0.010067,0.010267,0.005333,,,,,,,4,0,2,-1,1.859129,-4.134094,2.274965,2939956.166828,2.666667,0.0,1.5,0.0,23.89444
12:31:32.660,0.025933,0.048167,0.027333,-1.051064,0.980912,-1.197617,0.035833,0.058,0.0325,0.0099,0.009833,0.005167,,,,,,,4,0,2,-1,1.885422,-4.210505,2.325083,2939956.166828,2.666667,0.0,1.5,0.0,23.89444
12:31:32.752,0.024067,0.045333,0.025433,-1.158345,0.752419,-1.30505,0.033833,0.055033,0.030567,0.009767,0.0097,0.005133,,,,,,,4,0,2,-1,1.764059,-3.968232,2.204173,2939956.166828,2.666667,0.0,1.5,0.0,23.89444
12:31:32.871,0.024633,0.0466,0.0259,-1.125778,0.854569,-1.278663,0.033833,0.054933,0.030667,0.0092,0.008333,0.004767,,,,,,,4,0,2,-1,1.827461,-4.113579,2.286117,2939956.166828,2.666667,0.0,1.5,0.0,23.89444
12:31:32.967,0.024167,0.0462,0.025767,-1.152598,0.822311,-1.286202,0.0334,0.054533,0.030533,0.009233,0.008333,0.004767,,,,,,,4,0,2,-1,1.841304,-4.083421,2.242117,2939956.166828,2.666667,0.0,1.5,0.0,23.89444
12:31:33.068,0.026433,0.049233,0.027833,-1.022328,1.066934,-1.169346,0.035433,0.0576,0.032467,0.009,0.008367,0.004633,,,,,,,4,0,2,-1,1.942243,-4.325541,2.383297,2939956.166828,2.666667,0.0,1.5,0.0,23.89444
12:31:33.170,0.0259,0.048533,0.0275,-1.05298,1.010482,-1.188194,0.035833,0.0581,0.032533,0.009933,0.009567,0.005033,,,,,,,4,0,2,-1,1.928247,-4.262136,2.333889,2939956.166828,2.666667,0.0,1.5,0.0,23.89444
12:31:33.289,0.0252,0.0471,0.026567,-1.09321,0.894891,-1.240968,0.033433,0.0546,0.030067,0.008233,0.0075,0.0035,,,,,,,4,0,2,-1,1.840344,-4.12396,2.283616,2939956.166828,2.666667,0.0,1.5,0.0,23.89444
12:31:33.390,0.0251,0.047,0.026333,-1.098958,0.886827,-1.254161,0.0341,0.0553,0.0306,0.009,0.0083,0.004267,,,,,,,4,0,2,-1,1.830581,-4.126772,2.296192,2939956.166828,2.666667,0.0,1.5,0.0,23.89444
12:31:33.490,0.025667,0.047267,0.0267,-1.06639,0.908332,-1.233429,0.033767,0.054867,0.030633,0.0081,0.0076,0.003933,,,,,,,4,0,2,-1,1.807684,-4.116484,2.3088,2939956.166828,2.666667,0.0,1.5,0.0,23.89444
12:31:33.589,0.0265,0.048733,0.027533,-1.018496,1.026611,-1.186309,0.036133,0.058333,0.033,0.009633,0.0096,0.005467,,,,,,,4,0,2,-1,1.877295,-4.258027,2.380732,2939956.166828,2.666667,0.0,1.5,0.0,23.89444
12:31:33.693,0.026133,0.049167,0.0277,-1.039569,1.061557,-1.176885,0.035467,0.0579,0.032567,0.009333,0.008733,0.004867,,,,,,,4,0,2,-1,1.963811,-4.339568,2.375757,2939956.166828,2.666667,0.0,1.5,0.0,23.89444
12:31:33.793,0.025567,0.048967,0.0274,-1.072137,1.045428,-1.193848,0.0356,0.058267,0.0326,0.010033,0.0093,0.0052,,,,,,,4,0,2,-1,1.995854,-4.35684,2.360986,2939956.166828,2.666667,0.0,1.5,0.0,23.89444
12:31:33.897,0.025333,0.0485,0.0273,-1.085547,1.007794,-1.199502,0.035467,0.058033,0.032467,0.010133,0.009533,0.005167,,,,,,,4,0,2,-1,1.979386,-4.300636,2.321251,2939956.166828,2.666667,0.0,1.5,0.0,23.89444
12:31:34.001,0.0255,0.047867,0.0272,-1.075968,0.956719,-1.205156,0.035267,0.057533,0.032333,0.009767,0.009667,0.005133,,,,,,,4,0,2,-1,1.903499,-4.194562,2.291063,2939956.166828,2.666667,0.0,1.5,0.0,23.89444
12:31:34.104,0.0257,0.047633,0.0271,-1.064474,0.937901,-1.210811,0.035233,0.0575,0.0323,0.009533,0.009867,0.0052,,,,,,,4,0,2,-1,1.856039,-4.151087,2.295048,2939956.166828,2.666667,0.0,1.5,0.0,23.89444
12:31:34.202,0.025633,0.0479,0.027167,-1.068305,0.959407,-1.207041,0.0353,0.0576,0.032433,0.009667,0.0097,0.005267,,,,,,,4,0,2,-1,1.888976,-4.19416,2.305183,2939956.166828,2.666667,0.0,1.5,0.0,23.89444
12:31:34.309,0.025733,0.048167,0.027233,-1.062558,0.980912,-1.203272,0.035567,0.058,0.0325,0.009833,0.009833,0.005267,,,,,,,4,0,2,-1,1.902756,-4.227653,2.324897,2939956.166828,2.666667,0.0,1.5,0.0,23.89444
12:31:34.424,0.0249,0.046967,0.026467,-1.110452,0.884138,-1.246622,0.033167,0.0546,0.030167,0.008267,0.007633,0.0037,,,,,,,4,0,2,-1,1.85842,-4.12535,2.26693,2939956.166828,2.666667,0.0,1.5,0.0,23.89444
12:31:34.513,0.023267,0.0442,0.024533,-1.204323,0.661022,-1.355939,0.032033,0.052633,0.0288,0.008767,0.008433,0.004267,,,,,,,4,0,2,-1,1.713729,-3.882307,2.168577,2939956.166828,2.666667,0.0,1.5,0.0,23.89444
12:31:34.624,0.023633,0.044967,0.024733,-1.18325,0.72285,-1.34463,0.0317,0.0519,0.028433,0.008067,0.006933,0.0037,,,,,,,4,0,2,-1,1.744719,-3.97358,2.228861,2939956.166828,2.666667,0.0,1.5,0.0,23.89444
12:31:34.724,0.024467,0.046533,0.0256,-1.135356,0.849193,-1.295626,0.034033,0.0553,0.030733,0.009567,0.008767,0.005133,,,,,,,4,0,2,-1,1.824279,-4.129368,2.305088,2939956.166828,2.666667,0.0,1.5,0.0,23.89444
12:31:34.829,0.026767,0.049767,0.0279,-1.003171,1.109944,-1.165576,0.0359,0.058,0.032467,0.009133,0.008233,0.004567,,,,,,,4,0,2,-1,1.950709,-4.388635,2.437925,2939956.166828,2.666667,0.0,1.5,0.0,23.89444
12:31:34.928,0.0265,0.048967,0.0278,-1.018497,1.045428,-1.171231,0.0362,0.0586,0.0329,0.0097,0.009633,0.0051,,,,,,,4,0,2,-1,1.911191,-4.280584,2.369393,2939956.166828,2.666667,0.0,1.5,0.0,23.89444
12:31:35.029,0.026333,0.048633,0.027667,-1.028076,1.018546,-1.17877,0.036333,0.0585,0.032867,0.01,0.009867,0.0052,,,,,,,4,0,2,-1,1.895928,-4.243938,2.348011,2939956.166828,2.666667,0.0,1.5,0.0,23.89444
12:31:35.132,0.025833,0.0485,0.0273,-1.056811,1.007793,-1.199502,0.035833,0.058167,0.032533,0.01,0.009667,0.005233,,,,,,,4,0,2,-1,1.921913,-4.271899,2.349987,2939956.166828,2.666667,0.0,1.5,0.0,23.89444
12:31:35.231,0.025833,0.048533,0.0273,-1.056811,1.010482,-1.199502,0.0358,0.058133,0.032533,0.009967,0.0096,0.005233,,,,,,,4,0,2,-1,1.924602,-4.277277,2.352674,2939956.166828,2.666667,0.0,1.5,0.0,23.89444
12:31:35.332,0.0261,0.048667,0.027433,-1.041485,1.021234,-1.191963,0.035733,0.058,0.032533,0.009633,0.009333,0.0051,,,,,,,4,0,2,-1,1.912241,-4.275917,2.363675,2939956.166828,2.666667,0.0,1.5,0.0,23.89444
12:31:35.433,0.026,0.048067,0.027333,-1.047232,0.972848,-1.197617,0.035567,0.057633,0.032467,0.009567,0.009567,0.005133,,,,,,,4,0,2,-1,1.869695,-4.190545,2.32085,2939956.166828,2.666667,0.0,1.5,0.0,23.89444
12:31:35.550,0.025033,0.046733,0.026433,-1.102788,0.865321,-1.248506,0.033033,0.0541,0.03,0.008,0.007367,0.003567,,,,,,,4,0,2,-1,1.822392,-4.081937,2.259545,2939956.166828,2.666667,0.0,1.5,0.0,23.89444
12:31:35.645,0.024333,0.0457,0.026033,-1.143019,0.781989,-1.271124,0.033,0.054,0.03,0.008667,0.0083,0.003967,,,,,,,4,0,2,-1,1.796903,-3.97812,2.181217,2939956.166828,2.666667,0.0,1.5,0.0,23.89444
12:31:35.744,0.024833,0.046433,0.026367,-1.114283,0.841128,-1.252276,0.033233,0.054333,0.0302,0.0084,0.0079,0.003833,,,,,,,4,0,2,-1,1.817418,-4.048814,2.231397,2939956.166828,2.666667,0.0,1.5,0.0,23.89444
12:31:35.861,0.025667,0.047867,0.0273,-1.06639,0.956718,-1.199502,0.0357,0.057833,0.032633,0.010033,0.009967,0.005333,,,,,,,4,0,2,-1,1.889995,-4.179329,2.289333,2939956.166828,2.666667,0.0,1.5,0.0,23.89444
12:31:35.956,0.0267,0.0494,0.028,-1.007002,1.080374,-1.159922,0.035667,0.0579,0.0326,0.008967,0.0085,0.0046,,,,,,,4,0,2,-1,1.934456,-4.327671,2.393216,2939956.166828,2.666667,0.0,1.5,0.0,23.89444
12:31:36.051,0.0263,0.048967,0.0278,-1.029991,1.045428,-1.171231,0.0354,0.0576,0.032467,0.0091,0.008633,0.004667,,,,,,,4,0,2,-1,1.934179,-4.292078,2.357899,2939956.166828,2.666667,0.0,1.5,0.0,23.89444
12:31:36.151,0.026367,0.048833,0.0278,-1.026159,1.034675,-1.171231,0.035333,0.0574,0.032467,0.008967,0.008567,0.004667,,,,,,,4,0,2,-1,1.915763,-4.266741,2.350977,2939956.166828,2.666667,0.0,1.5,0.0,23.89444
12:31:36.251,0.0244,0.045433,0.025867,-1.139187,0.760484,-1.280548,0.0339,0.054867,0.031,0.0095,0.009433,0.005133,,,,,,,4,0,2,-1,1.758311,-3.940703,2.182392,2939956.166828,2.666667,0.0,1.5,0.0,23.89444
12:31:36.359,0.024833,0.046567,0.026167,-1.114283,0.851881,-1.263585,0.033833,0.054767,0.0309,0.009,0.0082,0.004733,,,,,,,4,0,2,-1,1.816862,-4.08163,2.264768,2939956.166828,2.666667,0.0,1.5,0.0,23.89444
12:31:36.452,0.023467,0.044133,0.024567,-1.192828,0.655646,-1.354054,0.032533,0.052433,0.0293,0.009067,0.0083,0.004733,,,,,,,4,0,2,-1,1.687248,-3.858173,2.170926,2939956.166828,2.666667,0.0,1.5,0.0,23.89444
12:31:36.570,0.025467,0.048,0.026533,-1.077884,0.967471,-1.242852,0.034,0.0551,0.0308,0.008533,0.0071,0.004267,,,,,,,4,0,2,-1,1.880387,-4.255679,2.375292,2939956.166828,2.666667,0.0,1.5,0.0,23.89444
12:31:36.686,0.024467,0.0458,0.0254,-1.135356,0.790053,-1.306935,0.031833,0.052033,0.028567,0.007367,0.006233,0.003167,,,,,,,4,0,2,-1,1.753831,-4.022397,2.268566,2939956.166828,2.666667,0.0,1.5,0.0,23.89444
12:31:36.780,0.025233,0.047433,0.026267,-1.091295,0.921773,-1.257931,0.0331,0.054433,0.0301,0.007867,0.007,0.003833,,,,,,,4,0,2,-1,1.846432,-4.192772,2.34634,2939956.166828,2.666667,0.0,1.5,0.0,23.89444
12:31:36.880,0.024967,0.046767,0.026,-1.10662,0.868009,-1.273009,0.0332,0.054667,0.030167,0.008233,0.0079,0.004167,,,,,,,4,0,2,-1,1.808241,-4.115648,2.307407,2939956.166828,2.666667,0.0,1.5,0.0,23.89444
12:31:36.980,0.0257,0.048,0.026933,-1.064474,0.967471,-1.220235,0.035567,0.058067,0.032533,0.009867,0.010067,0.0056,,,,,,,4,0,2,-1,1.876184,-4.219651,2.343466,2939956.166828,2.666667,0.0,1.5,0.0,23.89444
12:31:37.084,0.026367,0.049133,0.027633,-1.026159,1.058868,-1.180654,0.0357,0.058433,0.032567,0.009333,0.0093,0.004933,,,,,,,4,0,2,-1,1.930532,-4.32455,2.394018,2939956.166828,2.666667,0.0,1.5,0.0,23.89444
12:31:37.182,0.026467,0.048933,0.027667,-1.020412,1.042739,-1.17877,0.035867,0.0585,0.032633,0.0094,0.009567,0.004967,,,,,,,4,0,2,-1,1.904794,-4.28466,2.379866,2939956.166828,2.666667,0.0,1.5,0.0,23.89444
12:31:37.282,0.026267,0.049033,0.0276,-1.031907,1.050804,-1.182539,0.0358,0.058533,0.032633,0.009533,0.0095,0.005033,,,,,,,4,0,2,-1,1.932078,-4.316054,2.383976,2939956.166828,2.666667,0.0,1.5,0.0,23.89444
12:31:37.386,0.026433,0.0492,0.027633,-1.022328,1.064245,-1.180655,0.036,0.0586,0.032667,0.009567,0.0094,0.005033,,,,,,,4,0,2,-1,1.928246,-4.331472,2.403226,2939956.166828,2.666667,0.0,1.5,0.0,23.89444
12:31:37.486,0.026167,0.0493,0.0276,-1.037654,1.072309,-1.182539,0.035833,0.058433,0.0326,0.009667,0.009133,0.005,,,,,,,4,0,2,-1,1.965077,-4.364811,2.399734,2939956.166828,2.666667,0.0,1.5,0.0,23.89444
12:31:37.585,0.0264,0.049267,0.027533,-1.024244,1.069621,-1.186309,0.035933,0.0585,0.032533,0.009533,0.009233,0.005,,,,,,,4,0,2,-1,1.9318,-4.349794,2.417994,2939956.166828,2.666667,0.0,1.5,0.0,23.89444
12:31:37.688,0.025967,0.0486,0.0274,-1.049148,1.015858,-1.193848,0.035567,0.057967,0.032433,0.0096,0.009367,0.005033,,,,,,,4,0,2,-1,1.920306,-4.274711,2.354405,2939956.166828,2.666667,0.0,1.5,0.0,23.89444
12:31:37.804,0.025167,0.047133,0.026467,-1.095126,0.897579,-1.246621,0.033233,0.0546,0.030133,0.008067,0.007467,0.003667,,,,,,,4,0,2,-1,1.84121,-4.136906,2.295696,2939956.166828,2.666667,0.0,1.5,0.0,23.89444
12:31:37.901,0.0251,0.046767,0.026267,-1.098958,0.86801,-1.257931,0.033767,0.054967,0.0306,0.008667,0.0082,0.004333,,,,,,,4,0,2,-1,1.807995,-4.092908,2.284913,2939956.166828,2.666667,0.0,1.5,0.0,23.89444
12:31:37.999,0.0255,0.047367,0.0264,-1.075969,0.916397,-1.250392,0.033967,0.0554,0.0307,0.008467,0.008033,0.0043,,,,,,,4,0,2,-1,1.817943,-4.159154,2.341211,2939956.166828,2.666667,0.0,1.5,0.0,23.89444
12:31:38.100,0.026267,0.0487,0.027267,-1.031907,1.023923,-1.201387,0.0362,0.058567,0.032933,0.009933,0.009867,0.005667,,,,,,,4,0,2,-1,1.88635,-4.28114,2.394791,2939956.166828,2.666667,0.0,1.5,0.0,23.89444
12:31:38.203,0.026367,0.049,0.027467,-1.02616,1.048116,-1.190078,0.035667,0.0582,0.032467,0.0093,0.0092,0.005,,,,,,,4,0,2,-1,1.910356,-4.312469,2.402113,2939956.166828,2.666667,0.0,1.5,0.0,23.89444
12:31:38.306,0.026133,0.048633,0.027433,-1.03957,1.018546,-1.191963,0.0354,0.057767,0.032367,0.009267,0.009133,0.004933,,,,,,,4,0,2,-1,1.905722,-4.268625,2.362903,2939956.166828,2.666667,0.0,1.5,0.0,23.89444
12:31:38.406,0.0263,0.0488,0.027433,-1.029991,1.031987,-1.191963,0.035467,0.058033,0.032367,0.009167,0.009233,0.004933,,,,,,,4,0,2,-1,1.900005,-4.285927,2.385922,2939956.166828,2.666667,0.0,1.5,0.0,23.89444
12:31:38.509,0.026333,0.049,0.0275,-1.028075,1.048116,-1.188194,0.0356,0.058167,0.032467,0.009267,0.009167,0.004967,,,,,,,4,0,2,-1,1.916073,-4.312501,2.396428,2939956.166828,2.666667,0.0,1.5,0.0,23.89444
12:31:38.608,0.0262,0.048767,0.027467,-1.035738,1.029299,-1.190078,0.0356,0.0581,0.0325,0.0094,0.009333,0.005033,,,,,,,4,0,2,-1,1.910697,-4.284414,2.373718,2939956.166828,2.666667,0.0,1.5,0.0,23.89444
12:31:38.708,0.026,0.048333,0.027333,-1.047232,0.994353,-1.197617,0.035467,0.057833,0.032467,0.009467,0.0095,0.005133,,,,,,,4,0,2,-1,1.8912,-4.233556,2.342355,2939956.166828,2.666667,0.0,1.5,0.0,23.89444
12:31:38.812,0.0257,0.048367,0.027167,-1.064474,0.997041,-1.207041,0.035333,0.057733,0.032367,0.009633,0.009367,0.0052,,,,,,,4,0,2,-1,1.918948,-4.265598,2.346649,2939956.166828,2.666667,0.0,1.5,0.0,23.89444
12:31:38.929,0.025067,0.047467,0.0264,-1.100873,0.924461,-1.250391,0.0332,0.054733,0.030167,0.008133,0.007267,0.003767,,,,,,,4,0,2,-1,1.875816,-4.200186,2.32437,2939956.166828,2.666667,0.0,1.5,0.0,23.89444
12:31:39.021,0.025167,0.047433,0.026367,-1.095126,0.921774,-1.252276,0.033933,0.055533,0.0308,0.008767,0.0081,0.004433,,,,,,,4,0,2,-1,1.85975,-4.190949,2.3312,2939956.166828,2.666667,0.0,1.5,0.0,23.89444
12:31:39.124,0.0251,0.046867,0.026433,-1.098957,0.876075,-1.248507,0.0338,0.0551,0.030867,0.0087,0.008233,0.004433,,,,,,,4,0,2,-1,1.825483,-4.099613,2.27413,2939956.166828,2.666667,0.0,1.5,0.0,23.89444
12:31:39.221,0.0258,0.0478,0.0272,-1.058727,0.951343,-1.205157,0.036033,0.058133,0.033067,0.010233,0.010333,0.005867,,,,,,,4,0,2,-1,1.86364,-4.166569,2.302929,2939956.166828,2.666667,0.0,1.5,0.0,23.89444
12:31:39.327,0.026067,0.0484,0.027367,-1.043401,0.999729,-1.195733,0.035633,0.057733,0.032533,0.009567,0.009333,0.005167,,,,,,,4,0,2,-1,1.890798,-4.238592,2.347794,2939956.166828,2.666667,0.0,1.5,0.0,23.89444
12:31:39.432,0.026,0.048433,0.027467,-1.047232,1.002418,-1.190078,0.035567,0.0577,0.0325,0.009567,0.009267,0.005033,,,,,,,4,0,2,-1,1.906804,-4.242146,2.335342,2939956.166828,2.666667,0.0,1.5,0.0,23.89444
12:31:39.528,0.0259,0.0483,0.0273,-1.05298,0.991665,-1.199502,0.035467,0.057467,0.032367,0.009567,0.009167,0.005067,,,,,,,4,0,2,-1,1.898122,-4.235812,2.33769,2939956.166828,2.666667,0.0,1.5,0.0,23.89444
12:31:39.633,0.025333,0.047467,0.027067,-1.085547,0.924461,-1.212695,0.035067,0.0569,0.032167,0.009733,0.009433,0.0051,,,,,,,4,0,2,-1,1.88286,-4.147165,2.264305,2939956.166828,2.666667,0.0,1.5,0.0,23.89444
12:31:39.730,0.025433,0.047167,0.026933,-1.0798,0.900268,-1.220235,0.035,0.056667,0.032067,0.009567,0.0095,0.005133,,,,,,,4,0,2,-1,1.839632,-4.10057,2.260938,2939956.166828,2.666667,0.0,1.5,0.0,23.89444
12:31:39.831,0.025767,0.047533,0.027067,-1.060642,0.929837,-1.212695,0.0352,0.057167,0.0322,0.009433,0.009633,0.005133,,,,,,,4,0,2,-1,1.838426,-4.133012,2.294586,2939956.166828,2.666667,0.0,1.5,0.0,23.89444
12:31:39.937,0.026633,0.0483,0.0275,-1.010834,0.991665,-1.188194,0.036067,0.057967,0.032667,0.009433,0.009667,0.005167,,,,,,,4,0,2,-1,1.82514,-4.182358,2.357219,2939956.166828,2.666667,0.0,1.5,0.0,23.89444
12:31:40.052,0.025867,0.0475,0.0267,-1.054896,0.92715,-1.233429,0.0338,0.055,0.030433,0.007933,0.0075,0.003733,,,,,,,4,0,2,-1,1.803512,-4.142624,2.339112,2939956.166828,2.666667,0.0,1.5,0.0,23.89444
12:31:40.147,0.0255,0.0471,0.0265,-1.075969,0.894892,-1.244738,0.034133,0.055367,0.030667,0.008633,0.008267,0.004167,,,,,,,4,0,2,-1,1.802092,-4.11049,2.308398,2939956.166828,2.666667,0.0,1.5,0.0,23.89444
12:31:40.247,0.0249,0.0467,0.026333,-1.110452,0.862633,-1.254161,0.033433,0.054833,0.0304,0.008533,0.008133,0.004067,,,,,,,4,0,2,-1,1.829376,-4.08988,2.260504,2939956.166828,2.666667,0.0,1.5,0.0,23.89444
12:31:40.348,0.025833,0.047967,0.0272,-1.056811,0.964783,-1.205157,0.035833,0.058133,0.0327,0.01,0.010167,0.0055,,,,,,,4,0,2,-1,1.873248,-4.191533,2.318285,2939956.166828,2.666667,0.0,1.5,0.0,23.89444
12:31:40.452,0.026467,0.048733,0.027733,-1.020412,1.026611,-1.175,0.036033,0.058333,0.032867,0.009567,0.0096,0.005133,,,,,,,4,0,2,-1,1.892435,-4.248634,2.356199,2939956.166828,2.666667,0.0,1.5,0.0,23.89444
12:31:40.551,0.026467,0.0487,0.027733,-1.020412,1.023923,-1.175,0.036167,0.058533,0.032967,0.0097,0.009833,0.005233,,,,,,,4,0,2,-1,1.889747,-4.243258,2.353511,2939956.166828,2.666667,0.0,1.5,0.0,23.89444
12:31:40.651,0.026467,0.048767,0.0278,-1.020412,1.029299,-1.171231,0.036133,0.0585,0.032967,0.009667,0.009733,0.005167,,,,,,,4,0,2,-1,1.898893,-4.250241,2.351348,2939956.166828,2.666667,0.0,1.5,0.0,23.89444
12:31:40.758,0.025933,0.048067,0.027333,-1.051064,0.972848,-1.197617,0.0356,0.0579,0.032567,0.009667,0.009833,0.005233,,,,,,,4,0,2,-1,1.877358,-4.194377,2.317019,2939956.166828,2.666667,0.0,1.5,0.0,23.89444
12:31:40.854,0.025667,0.047867,0.027233,-1.06639,0.956719,-1.203272,0.035333,0.0574,0.0324,0.009667,0.009533,0.005167,,,,,,,4,0,2,-1,1.886226,-4.183099,2.296873,2939956.166828,2.666667,0.0,1.5,0.0,23.89444
12:31:40.953,0.0256,0.047767,0.0272,-1.070221,0.948654,-1.205157,0.035367,0.0575,0.0324,0.009767,0.009733,0.0052,,,,,,,4,0,2,-1,1.88394,-4.172687,2.288746,2939956.166828,2.666667,0.0,1.5,0.0,23.89444
12:31:41.058,0.0256,0.047833,0.027333,-1.070221,0.95403,-1.197618,0.035167,0.057233,0.0324,0.009567,0.0094,0.005067,,,,,,,4,0,2,-1,1.896855,-4.1759,2.279044,2939956.166828,2.666667,0.0,1.5,0.0,23.89444
12:31:41.179,0.0251,0.0468,0.026567,-1.098957,0.870698,-1.240967,0.033,0.054067,0.030133,0.0079,0.007267,0.003567,,,,,,,4,0,2,-1,1.827645,-4.08132,2.253675,2939956.166828,2.666667,0.0,1.5,0.0,23.89444
12:31:41.273,0.025,0.0466,0.026467,-1.104705,0.854569,-1.246622,0.033433,0.0545,0.030367,0.008433,0.0079,0.0039,,,,,,,4,0,2,-1,1.817357,-4.060464,2.243108,2939956.166828,2.666667,0.0,1.5,0.0,23.89444
12:31:41.371,0.024933,0.046367,0.026433,-1.108536,0.835752,-1.248507,0.0335,0.0544,0.0304,0.008567,0.008033,0.003967,,,,,,,4,0,2,-1,1.804317,-4.028546,2.224229,2939956.166828,2.666667,0.0,1.5,0.0,23.89444
12:31:41.472,0.025733,0.0476,0.027167,-1.062558,0.935213,-1.207042,0.0357,0.057633,0.032567,0.009967,0.010033,0.0054,,,,,,,4,0,2,-1,1.853288,-4.140026,2.286738,2939956.166828,2.666667,0.0,1.5,0.0,23.89444
12:31:41.576,0.025733,0.047333,0.0272,-1.062558,0.913708,-1.205156,0.0352,0.056933,0.032333,0.009467,0.0096,0.005133,,,,,,,4,0,2,-1,1.833668,-4.09513,2.261463,2939956.166828,2.666667,0.0,1.5,0.0,23.89444
12:31:41.678,0.0258,0.0478,0.027233,-1.058727,0.951342,-1.203272,0.035333,0.057433,0.032367,0.009533,0.009633,0.005133,,,,,,,4,0,2,-1,1.865524,-4.164682,2.299159,2939956.166828,2.666667,0.0,1.5,0.0,23.89444
12:31:41.780,0.025633,0.047967,0.027333,-1.068305,0.964783,-1.197617,0.035467,0.057767,0.032533,0.009833,0.0098,0.0052,,,,,,,4,0,2,-1,1.903777,-4.195489,2.291712,2939956.166828,2.666667,0.0,1.5,0.0,23.89444
12:31:41.882,0.026267,0.048833,0.0277,-1.031907,1.034676,-1.176885,0.036,0.058567,0.032833,0.009733,0.009733,0.005133,,,,,,,4,0,2,-1,1.921604,-4.278143,2.356539,2939956.166828,2.666667,0.0,1.5,0.0,23.89444
12:31:41.981,0.026333,0.048867,0.027633,-1.028076,1.037364,-1.180655,0.036133,0.058667,0.032867,0.0098,0.0098,0.005233,,,,,,,4,0,2,-1,1.91286,-4.283457,2.370597,2939956.166828,2.666667,0.0,1.5,0.0,23.89444
12:31:42.081,0.026,0.0488,0.027667,-1.047233,1.031987,-1.17877,0.035967,0.0586,0.032867,0.009967,0.0098,0.0052,,,,,,,4,0,2,-1,1.947683,-4.289977,2.342294,2939956.166828,2.666667,0.0,1.5,0.0,23.89444
12:31:42.186,0.025133,0.048067,0.027267,-1.097041,0.972848,-1.201387,0.0354,0.0579,0.032533,0.010267,0.009833,0.005267,,,,,,,4,0,2,-1,1.965543,-4.244123,2.27858,2939956.166828,2.666667,0.0,1.5,0.0,23.89444
12:31:42.304,0.0244,0.046633,0.026467,-1.139187,0.857257,-1.246621,0.032867,0.054267,0.0301,0.008467,0.007633,0.003633,,,,,,,4,0,2,-1,1.88901,-4.100322,2.211312,2939956.166828,2.666667,0.0,1.5,0.0,23.89444
12:31:42.399,0.024467,0.046133,0.026067,-1.135356,0.816935,-1.269239,0.033133,0.054533,0.0301,0.008667,0.0084,0.004033,,,,,,,4,0,2,-1,1.818408,-4.038464,2.220056,2939956.166828,2.666667,0.0,1.5,0.0,23.89444
12:31:42.499,0.0247,0.046433,0.026233,-1.121946,0.841128,-1.259815,0.033133,0.0546,0.0302,0.008433,0.008167,0.003967,,,,,,,4,0,2,-1,1.825205,-4.064017,2.238813,2939956.166828,2.666667,0.0,1.5,0.0,23.89444
12:31:42.599,0.025567,0.048033,0.0272,-1.072137,0.97016,-1.205157,0.035567,0.058133,0.032633,0.01,0.0101,0.005433,,,,,,,4,0,2,-1,1.909277,-4.217613,2.308336,2939956.166828,2.666667,0.0,1.5,0.0,23.89444
12:31:42.703,0.0261,0.0484,0.0277,-1.041485,0.999729,-1.176885,0.035867,0.058133,0.032833,0.009767,0.009733,0.005133,,,,,,,4,0,2,-1,1.905815,-4.217829,2.312015,2939956.166828,2.666667,0.0,1.5,0.0,23.89444
12:31:42.804,0.026133,0.0486,0.027633,-1.03957,1.015859,-1.180655,0.036,0.0583,0.032833,0.009867,0.0097,0.0052,,,,,,,4,0,2,-1,1.914343,-4.251942,2.337598,2939956.166828,2.666667,0.0,1.5,0.0,23.89444
12:31:42.910,0.0264,0.049133,0.027933,-1.024244,1.058869,-1.163692,0.036433,0.058767,0.033067,0.010033,0.009633,0.005133,,,,,,,4,0,2,-1,1.943666,-4.305674,2.362009,2939956.166828,2.666667,0.0,1.5,0.0,23.89444
12:31:43.059,0.026433,0.049633,0.028233,-1.022328,1.099192,-1.146728,0.036433,0.0593,0.033333,0.01,0.009667,0.0051,,,,,,,4,0,2,-1,1.99712,-4.36744,2.37032,2939956.166828,2.666667,0.0,1.5,0.0,23.89444
12:31:43.116,0.026367,0.049467,0.028133,-1.02616,1.085751,-1.152383,0.0367,0.059533,0.033367,0.010333,0.010067,0.005233,,,,,,,4,0,2,-1,1.985687,-4.350043,2.364356,2939956.166828,2.666667,0.0,1.5,0.0,23.89444
12:31:43.213,0.026133,0.048633,0.0278,-1.03957,1.018546,-1.17123,0.036133,0.058933,0.033033,0.01,0.0103,0.005233,,,,,,,4,0,2,-1,1.926455,-4.247892,2.321437,2939956.166828,2.666667,0.0,1.5,0.0,23.89444
12:31:43.317,0.0258,0.0482,0.027367,-1.058727,0.9836,-1.195733,0.036,0.058433,0.0327,0.0102,0.010233,0.005333,,,,,,,4,0,2,-1,1.905322,-4.221661,2.316339,2939956.166828,2.666667,0.0,1.5,0.0,23.89444
12:31:43.426,0.025167,0.0467,0.026467,-1.095126,0.862634,-1.246622,0.033433,0.054833,0.030367,0.008267,0.008133,0.0039,,,,,,,4,0,2,-1,1.806263,-4.067016,2.260752,2939956.166828,2.666667,0.0,1.5,0.0,23.89444
12:31:43.515,0.023,0.0434,0.0239,-1.219649,0.596506,-1.39175,0.032067,0.052233,0.0286,0.009067,0.008833,0.0047,,,,,,,4,0,2,-1,1.644053,-3.80441,2.160357,2939956.166828,2.666667,0.0,1.5,0.0,23.89444
12:31:43.623,0.021567,0.041167,0.022033,-1.302025,0.416399,-1.497298,0.029467,0.048333,0.026133,0.0079,0.007167,0.0041,,,,,,,4,0,2,-1,1.523152,-3.632121,2.108969,2939956.166828,2.666667,0.0,1.5,0.0,23.89444
12:31:43.721,0.022567,0.0431,0.023133,-1.244553,0.572312,-1.435099,0.0318,0.0517,0.028433,0.009233,0.0086,0.0053,,,,,,,4,0,2,-1,1.626318,-3.824275,2.197958,2939956.166828,2.666667,0.0,1.5,0.0,23.89444
12:31:43.828,0.025067,0.0473,0.025967,-1.100873,0.91102,-1.274894,0.0336,0.055167,0.0305,0.008533,0.007867,0.004533,,,,,,,4,0,2,-1,1.837873,-4.197807,2.359934,2939956.166828,2.666667,0.0,1.5,0.0,23.89444
12:31:43.926,0.027267,0.048967,0.027767,-0.974435,1.045428,-1.173115,0.0366,0.058367,0.032833,0.009333,0.0094,0.005067,,,,,,,4,0,2,-1,1.821182,-4.238406,2.417223,2939956.166828,2.666667,0.0,1.5,0.0,23.89444
12:31:44.025,0.027967,0.0479,0.027667,-0.934205,0.959406,-1.17877,0.037633,0.0576,0.0328,0.009667,0.0097,0.005133,,,,,,,4,0,2,5,1.649047,-4.031788,2.38274,2939956.166828,2.666667,0.0,1.5,0.0,23.89444
12:31:44.130,0.029067,0.0466,0.0282,-0.870986,0.854568,-1.148613,0.039367,0.056467,0.0335,0.0103,0.009867,0.0053,,,,,,,4,0,2,5,1.447926,-3.728735,2.280809,2939956.166828,2.666667,0.0,1.5,0.0,23.89444
12:31:44.221,0.027533,0.043267,0.026967,-0.959109,0.585753,-1.21835,0.0383,0.052933,0.0323,0.010767,0.009667,0.005333,,,,,,,4,0,2,5,1.285621,-3.348964,2.063344,2939956.166828,2.666667,0.0,1.5,0.0,23.89444
12:31:44.325,0.028667,0.043633,0.028033,-0.893974,0.615323,-1.158037,0.0394,0.052967,0.0333,0.010733,0.009333,0.005267,,,,,,,4,0,2,5,1.245233,-3.282656,2.037423,2939956.166828,2.666667,0.0,1.5,0.0,23.89444
12:31:44.429,0.029967,0.043967,0.0283,-0.81926,0.642204,-1.142959,0.040667,0.0529,0.0336,0.0107,0.008933,0.0053,,,,,,,4,0,2,5,1.137765,-3.246627,2.108862,2939956.166828,2.666667,0.0,1.5,0.0,23.89444
12:31:44.541,0.033833,0.045567,0.0293,-0.597035,0.771236,-1.086416,0.0425,0.052567,0.033133,0.008667,0.007,0.003833,,,,,,,4,0,2,5,0.878891,-3.225922,2.347032,2939956.166828,2.666667,0.0,1.5,0.0,23.89444
12:31:44.643,0.041267,0.045733,0.029433,-0.169828,0.784676,-1.078876,0.050333,0.0526,0.033267,0.009067,0.006867,0.003833,,,,,,,4,0,2,5,0.045456,-2.818057,2.772601,2939956.166828,2.666667,0.0,1.5,0.0,23.89444
12:31:44.741,0.048933,0.0457,0.03,0.27079,0.781988,-1.046835,0.0593,0.0527,0.033833,0.010367,0.007,0.003833,,,,,,,4,0,2,5,-0.806428,-2.340022,3.14645,2939956.166828,2.666667,0.0,1.5,0.0,23.89444
12:31:44.844,0.058,0.048367,0.0319,0.791869,0.99704,-0.939403,0.071733,0.057167,0.037367,0.013733,0.0088,0.005467,,,,,,,4,0,3,5,-1.526102,-2.141614,3.667716,2939956.166828,2.666667,0.0,1.5,0.0,23.89444
12:31:44.940,0.0578,0.0461,0.030267,0.780375,0.814247,-1.031758,0.073267,0.055633,0.036233,0.015467,0.009533,0.005967,,,,,,,4,0,3,-1,-1.778261,-1.879876,3.658137,2939956.166828,2.666667,0.0,1.5,0.0,23.89444
12:31:45.052,0.0601,0.0468,0.030467,0.91256,0.870698,-1.020449,0.0744,0.055167,0.035833,0.0143,0.008367,0.005367,,,,,,,4,0,3,-1,-1.974871,-1.849286,3.824157,2939956.333494,2.833333,0.166667,1.5,0.376932,23.89444
12:31:45.151,0.058467,0.045733,0.030533,0.81869,0.784677,-1.016679,0.072967,0.0541,0.035933,0.0145,0.008367,0.0054,,,,,,,5,1,3,-1,1.869382,1.767344,-3.636726,2939956.333494,2.833333,0.166667,1.5,0.376932,23.89444
12:31:45.255,0.0619,0.0478,0.032967,1.01601,0.951343,-0.879091,0.0761,0.055833,0.0383,0.0142,0.008033,0.005333,,,,,,,5,1,3,-1,1.959769,1.765766,-3.725535,2939956.333494,2.833333,0.166667,1.5,0.376932,23.89444
12:31:45.359,0.061333,0.0477,0.035233,0.983443,0.943278,-0.750926,0.076967,0.056767,0.041267,0.015633,0.009067,0.006033,,,,,,,5,1,3,-1,1.774533,1.654039,-3.428572,2939956.333494,2.833333,0.166667,1.5,0.376932,23.89444
12:31:45.457,0.061033,0.048533,0.0392,0.966202,1.010482,-0.526637,0.076767,0.057767,0.0458,0.015733,0.009233,0.0066,,,,,,,5,1,3,-1,1.448558,1.5814,-3.029957,2939956.333494,2.833333,0.166667,1.5,0.376932,23.89444
12:31:45.560,0.0605,0.048333,0.0462,0.935549,0.994353,-0.130834,0.076267,0.058,0.053467,0.015767,0.009667,0.007267,,,,,,,5,1,3,-1,1.007579,1.18399,-2.191569,2939956.333494,2.833333,0.166667,1.5,0.376932,23.89444
12:31:45.678,0.058167,0.045367,0.051733,0.801447,0.755107,0.182039,0.070567,0.053067,0.057433,0.0124,0.0077,0.0057,,,,,,,5,1,3,-1,0.665749,0.526726,-1.192475,2939956.333494,2.833333,0.166667,1.5,0.376932,23.89444
12:31:45.773,0.058567,0.041667,0.056067,0.824436,0.456721,0.42706,0.071833,0.049933,0.063767,0.013267,0.008267,0.0077,,,,,,,5,1,3,-1,0.765091,-0.338053,-0.427037,2939956.333494,2.833333,0.166667,1.5,0.376932,23.89444
12:31:45.877,0.057733,0.0381,0.058633,0.776544,0.169088,0.572188,0.070833,0.045467,0.066833,0.0131,0.007367,0.0082,,,,,,,5,1,-1,1,0.811811,-1.010555,0.198744,2939956.500161,3.0,0.333333,1.5,3.913487,23.89444
12:31:45.975,0.0592,0.035867,0.0607,0.860836,-0.011018,0.689044,0.0755,0.044833,0.071967,0.0163,0.008967,0.011267,,,,,,,0,2,-1,-1,-1.043646,1.571916,-0.528269,2939956.500161,3.0,0.333333,1.5,3.913487,23.89444
12:31:46.081,0.060433,0.0338,0.063833,0.931718,-0.177685,0.866213,0.075933,0.0416,0.074367,0.0155,0.0078,0.010533,,,,,,,0,2,-1,-1,-1.174908,2.1533,-0.978392,2939956.500161,3.0,0.333333,1.5,3.913487,23.89444
12:31:46.179,0.061,0.031167,0.065167,0.964284,-0.390049,0.941603,0.076967,0.038967,0.076333,0.015967,0.0078,0.011167,,,,,,,0,2,-1,-1,-1.377013,2.685985,-1.308971,2939956.500161,3.0,0.333333,1.5,3.913487,23.89444
12:31:46.280,0.059833,0.029033,0.066033,0.897233,-0.562091,0.990608,0.075933,0.036567,0.0776,0.0161,0.007533,0.011567,,,,,,,0,2,5,-1,-1.365949,3.012022,-1.646073,2939956.666828,3.166667,0.5,1.5,10.128604,23.89444
12:31:46.384,0.059067,0.026967,0.065433,0.853173,-0.728756,0.956682,0.074967,0.034333,0.077033,0.0159,0.007367,0.0116,,,,,,,1,0,5,-1,1.47842,-3.267367,1.788947,2939956.666828,3.166667,0.5,1.5,10.128604,23.89444
12:31:46.485,0.058633,0.026367,0.065233,0.828269,-0.777143,0.945373,0.074267,0.033167,0.0768,0.015633,0.0068,0.011567,,,,,,,1,0,5,-1,1.488308,-3.327929,1.839621,2939956.666828,3.166667,0.5,1.5,10.128604,23.89444
12:31:46.583,0.059767,0.025333,0.064167,0.893404,-0.860476,0.885061,0.075367,0.031733,0.075733,0.0156,0.0064,0.011567,,,,,,,1,0,5,-1,1.762224,-3.499417,1.737193,2939956.666828,3.166667,0.5,1.5,10.128604,23.89444
12:31:46.687,0.060567,0.025333,0.062967,0.93938,-0.860476,0.817209,0.0762,0.031267,0.074533,0.015633,0.005933,0.011567,,,,,,,1,0,5,-1,1.922028,-3.477542,1.555515,2939956.666828,3.166667,0.5,1.5,10.128604,23.89444
12:31:46.804,0.058967,0.023467,0.0619,0.847425,-1.011013,0.756896,0.071233,0.028167,0.070267,0.012267,0.0047,0.008367,,,,,,,1,0,5,-1,1.948966,-3.626348,1.677381,2939956.666828,3.166667,0.5,1.5,10.128604,23.89444
12:31:46.900,0.059267,0.022967,0.062433,0.864667,-1.051336,0.787052,0.0727,0.028267,0.071867,0.013433,0.0053,0.009433,,,,,,,1,0,5,-1,1.993617,-3.754391,1.760774,2939956.666828,3.166667,0.5,1.5,10.128604,23.89444
12:31:46.999,0.057233,0.0223,0.0637,0.747808,-1.105099,0.858674,0.0708,0.0276,0.073067,0.013567,0.0053,0.009367,,,,,,,1,0,5,-1,1.742042,-3.816681,2.07464,2939956.666828,3.166667,0.5,1.5,10.128604,23.89444
12:31:47.098,0.054233,0.022967,0.064767,0.575393,-1.051336,0.918986,0.071033,0.0293,0.0773,0.0168,0.006333,0.012533,,,,,,,1,0,5,2,1.283135,-3.597051,2.313916,2939956.666828,3.166667,0.5,1.5,10.128604,23.89444
12:31:47.203,0.045033,0.0232,0.065367,0.046651,-1.032519,0.952913,0.0602,0.0288,0.076833,0.015167,0.0056,0.011467,,,,,,,1,0,5,2,0.172908,-3.064602,2.891694,2939956.666828,3.166667,0.5,1.5,10.128604,23.89444
12:31:47.303,0.035967,0.023,0.065267,-0.474429,-1.048648,0.947258,0.049633,0.028467,0.076733,0.013667,0.005467,0.011467,,,,,,,1,0,5,2,-0.847467,-2.570126,3.417593,2939956.666828,3.166667,0.5,1.5,10.128604,23.89444
12:31:47.394,0.028233,0.0216,0.061733,-0.918879,-1.161551,0.747472,0.040433,0.027033,0.073167,0.0122,0.005433,0.011433,,,,,,,1,0,0,2,-1.42368,-2.151695,3.575375,2939956.666828,3.166667,0.5,1.5,10.128604,23.89444
12:31:47.515,0.0269,0.021067,0.063367,-0.995509,-1.204561,0.839826,0.0372,0.0263,0.0735,0.0103,0.005233,0.010133,,,,,,,1,0,0,2,-1.626283,-2.25344,3.879723,2939956.666828,3.166667,0.5,1.5,10.128604,23.89444
12:31:47.613,0.0268,0.0207,0.063633,-1.001256,-1.234131,0.854904,0.036533,0.025867,0.073767,0.009733,0.005167,0.010133,,,,,,,1,0,0,2,-1.623284,-2.321911,3.945195,2939956.666828,3.166667,0.5,1.5,10.128604,23.89444
12:31:47.712,0.027567,0.022067,0.0671,-0.957193,-1.123916,1.050921,0.037033,0.027167,0.077167,0.009467,0.0051,0.010067,,,,,,,1,0,0,-1,-1.841392,-2.34156,4.182951,2939956.666828,3.166667,0.5,1.5,10.128604,23.89444
12:31:47.816,0.026367,0.0223,0.0666,-1.02616,-1.105099,1.022649,0.036267,0.027567,0.077967,0.0099,0.005267,0.011367,,,,,,,1,0,0,-1,-1.969869,-2.206688,4.176558,2939956.666828,3.166667,0.5,1.5,10.128604,23.89444
12:31:47.936,0.024633,0.022033,0.0656,-1.125777,-1.126604,0.966107,0.0328,0.025867,0.0741,0.008167,0.003833,0.0085,,,,,,,1,0,0,-1,-2.091057,-2.093538,4.184595,2939956.666828,3.166667,0.5,1.5,10.128604,23.89444
12:31:48.022,0.0219,0.019833,0.0605,-1.282868,-1.304023,0.677736,0.030567,0.024333,0.0703,0.008667,0.0045,0.0098,,,,,,,1,0,0,-1,-1.939449,-2.002913,3.942363,2939956.666828,3.166667,0.5,1.5,10.128604,23.89444
12:31:48.133,0.022333,0.0202,0.061233,-1.257964,-1.274453,0.719201,0.0304,0.0244,0.069733,0.008067,0.0042,0.0085,,,,,,,1,0,0,-1,-1.960675,-2.010144,3.970819,2939956.666828,3.166667,0.5,1.5,10.128604,23.89444
12:31:48.234,0.023433,0.020933,0.063367,-1.194744,-1.215314,0.839826,0.033,0.026533,0.0745,0.009567,0.0056,0.011133,,,,,,,1,0,0,-1,-2.014001,-2.075709,4.089709,2939956.666828,3.166667,0.5,1.5,10.128604,23.89444
12:31:48.340,0.0265,0.023567,0.070567,-1.018497,-1.002949,1.246937,0.035233,0.028533,0.080467,0.008733,0.004967,0.0099,,,,,,,1,0,0,-1,-2.280981,-2.234339,4.51532,2939956.666828,3.166667,0.5,1.5,10.128604,23.89444
12:31:48.439,0.026133,0.023333,0.069433,-1.039569,-1.021766,1.182855,0.035367,0.028633,0.080633,0.009233,0.0053,0.0112,,,,,,,1,0,0,-1,-2.240227,-2.186819,4.427046,2939956.666828,3.166667,0.5,1.5,10.128604,23.89444
12:31:48.541,0.026133,0.0235,0.067933,-1.039569,-1.008326,1.098041,0.035467,0.028767,0.0794,0.009333,0.005267,0.011467,,,,,,,1,0,0,-1,-2.168854,-2.075123,4.243977,2939956.666828,3.166667,0.5,1.5,10.128604,23.89444
12:31:48.635,0.024267,0.0217,0.0612,-1.146851,-1.153486,0.717316,0.0338,0.027167,0.0728,0.009533,0.005467,0.0116,,,,,,,1,0,0,-1,-1.857531,-1.877438,3.734969,2939956.666828,3.166667,0.5,1.5,10.128604,23.89444
12:31:48.751,0.024633,0.021867,0.0589,-1.125778,-1.140046,0.587266,0.033667,0.026967,0.068567,0.009033,0.0051,0.009667,,,,,,,1,0,0,-1,-1.698776,-1.74158,3.440356,2939956.666828,3.166667,0.5,1.5,10.128604,23.89444
12:31:48.842,0.0244,0.0216,0.0545,-1.139188,-1.161551,0.338476,0.033567,0.026867,0.064067,0.009167,0.005267,0.009567,,,,,,,1,0,0,-1,-1.455301,-1.522389,2.97769,2939956.666828,3.166667,0.5,1.5,10.128604,23.89444
12:31:48.948,0.026167,0.023333,0.054333,-1.037654,-1.021766,0.329051,0.035333,0.0285,0.0631,0.009167,0.005167,0.008767,,,,,,,1,0,0,-1,-1.382592,-1.33493,2.717522,2939956.666828,3.166667,0.5,1.5,10.128604,23.89444
12:31:49.063,0.024667,0.022367,0.046667,-1.123862,-1.099723,-0.104448,0.032767,0.0265,0.0539,0.0081,0.004133,0.007233,,,,,,,1,0,0,-1,-1.043553,-0.971137,2.014689,2939956.666828,3.166667,0.5,1.5,10.128604,23.89444
12:31:49.157,0.0244,0.022267,0.040767,-1.139187,-1.107788,-0.438053,0.033,0.0268,0.047333,0.0086,0.004533,0.006567,,,,,,,1,0,0,-1,-0.732534,-0.638335,1.370869,2939956.666828,3.166667,0.5,1.5,10.128604,23.89444
12:31:49.259,0.0221,0.0205,0.032167,-1.271374,-1.25026,-0.924325,0.030667,0.025,0.037833,0.008567,0.0045,0.005667,,,,,,,1,0,-1,-1,-0.368162,-0.304821,0.672983,2939956.666828,3.166667,0.5,1.5,10.128604,23.89444
12:31:49.363,0.023667,0.021733,0.030233,-1.181334,-1.150798,-1.033642,0.033233,0.027267,0.0368,0.009567,0.005533,0.006567,,,,,,,1,0,-1,-1,-0.178228,-0.08662,0.264848,2939956.666828,3.166667,0.5,1.5,10.128604,23.89444
12:31:49.463,0.0243,0.0223,0.0294,-1.144935,-1.1051,-1.080761,0.0331,0.027333,0.0348,0.0088,0.005033,0.0054,,,,,,,1,0,-1,-1,-0.10401,0.015497,0.088512,2939956.833494,3.333333,0.666667,1.5,8.032234,23.89444
12:31:49.567,0.026433,0.024533,0.031767,-1.022328,-0.924993,-0.946942,0.0353,0.029667,0.0369,0.008867,0.005133,0.005133,,,,,,,2,1,-1,-1,0.17272,-0.119284,-0.053436,2939956.833494,3.333333,0.666667,1.5,8.032234,23.89444
12:31:49.669,0.025933,0.024467,0.0316,-1.051064,-0.930369,-0.956366,0.0353,0.029967,0.037267,0.009367,0.0055,0.005667,,,,,,,2,1,-1,-1,0.215392,-0.146691,-0.068701,2939956.833494,3.333333,0.666667,1.5,8.032234,23.89444
12:31:49.767,0.025733,0.024733,0.031733,-1.062558,-0.908864,-0.948827,0.0352,0.0303,0.037433,0.009467,0.005567,0.0057,,,,,,,2,1,-1,-1,0.267425,-0.193658,-0.073768,2939957.000161,3.5,0.833333,1.5,15.556339,23.89444
12:31:49.872,0.025733,0.024967,0.031767,-1.062558,-0.890046,-0.946942,0.035,0.030467,0.037433,0.009267,0.0055,0.005667,,,,,,,3,2,-1,-1,-0.288128,0.229409,0.058719,2939957.000161,3.5,0.833333,1.5,15.556339,23.89444
12:31:49.970,0.0256,0.0256,0.031933,-1.070221,-0.838971,-0.937518,0.035,0.031333,0.037767,0.0094,0.005733,0.005833,,,,,,,3,2,-1,-1,-0.363953,0.329798,0.034155,2939957.000161,3.5,0.833333,1.5,15.556339,23.89444
12:31:50.070,0.025467,0.026167,0.031567,-1.077884,-0.793272,-0.958251,0.035,0.032067,0.037467,0.009533,0.0059,0.0059,,,,,,,3,2,-1,-1,-0.404245,0.449591,-0.045346,2939957.000161,3.5,0.833333,1.5,15.556339,23.89444
12:31:50.194,0.0247,0.0264,0.030233,-1.121946,-0.774455,-1.033642,0.0328,0.0309,0.0345,0.0081,0.0045,0.004267,,,,,,,3,2,-1,-1,-0.435795,0.606678,-0.170883,2939957.000161,3.5,0.833333,1.5,15.556339,23.89444
12:31:50.284,0.0245,0.0275,0.0292,-1.133441,-0.685746,-1.09207,0.033067,0.032633,0.034033,0.008567,0.005133,0.004833,,,,,,,3,2,-1,-1,-0.489065,0.854018,-0.364953,2939957.000161,3.5,0.833333,1.5,15.556339,23.89444
12:31:50.389,0.024933,0.0298,0.028967,-1.108536,-0.500263,-1.105264,0.033367,0.0352,0.033667,0.008433,0.0054,0.0047,,,,,,,3,2,-1,-1,-0.611545,1.213273,-0.601728,2939957.000161,3.5,0.833333,1.5,15.556339,23.89444
12:31:50.489,0.025867,0.0327,0.029167,-1.054895,-0.266393,-1.093955,0.0358,0.040167,0.035333,0.009933,0.007467,0.006167,,,,,,,3,2,-1,-1,-0.749443,1.616064,-0.866621,2939957.166828,3.666667,1.0,1.5,15.044563,23.89444
12:31:50.589,0.0263,0.0353,0.028733,-1.029991,-0.056716,-1.118457,0.0356,0.0427,0.034033,0.0093,0.0074,0.0053,,,,,,,4,0,-1,-1,0.884809,-2.035016,1.150206,2939957.166828,3.666667,1.0,1.5,15.044563,23.89444
12:31:50.693,0.0263,0.037433,0.028067,-1.029991,0.115326,-1.156153,0.0356,0.0452,0.033233,0.0093,0.007767,0.005167,,,,,,,4,0,-1,-1,1.019155,-2.416795,1.39764,2939957.166828,3.666667,1.0,1.5,15.044563,23.89444
12:31:50.792,0.0261,0.0396,0.0278,-1.041485,0.290056,-1.171231,0.035567,0.0475,0.032967,0.009467,0.0079,0.005167,,,,,,,4,0,-1,-1,1.201795,-2.792828,1.591032,2939957.166828,3.666667,1.0,1.5,15.044563,23.89444
12:31:50.893,0.026,0.040967,0.027867,-1.047232,0.40027,-1.167461,0.035533,0.049033,0.033133,0.009533,0.008067,0.005267,,,,,,,4,0,-1,-1,1.327274,-3.015234,1.687961,2939957.166828,3.666667,1.0,1.5,15.044563,23.89444
12:31:50.996,0.025633,0.042133,0.028033,-1.068305,0.494356,-1.158038,0.035267,0.050533,0.033367,0.009633,0.0084,0.005333,,,,,,,4,0,-1,-1,1.472929,-3.215055,1.742125,2939957.166828,3.666667,1.0,1.5,15.044563,23.89444
12:31:51.094,0.025467,0.043067,0.028067,-1.077884,0.569624,-1.156153,0.035067,0.051833,0.0336,0.0096,0.008767,0.005533,,,,,,,4,0,2,-1,1.569239,-3.373285,1.804046,2939957.166828,3.666667,1.0,1.5,15.044563,23.89444
12:31:51.195,0.025567,0.0448,0.028333,-1.072137,0.709408,-1.141075,0.035133,0.053767,0.0339,0.009567,0.008967,0.005567,,,,,,,4,0,2,-1,1.712607,-3.632027,1.91942,2939957.166828,3.666667,1.0,1.5,15.044563,23.89444
12:31:51.316,0.025,0.0449,0.0273,-1.104705,0.717473,-1.199502,0.033,0.052133,0.031367,0.008,0.007233,0.004067,,,,,,,4,0,2,-1,1.727379,-3.739152,2.011773,2939957.166828,3.666667,1.0,1.5,15.044563,23.89444
12:31:51.406,0.024633,0.045267,0.0266,-1.125778,0.747042,-1.239083,0.033133,0.0534,0.030833,0.0085,0.008133,0.004233,,,,,,,4,0,2,-1,1.759515,-3.858945,2.09943,2939957.166828,3.666667,1.0,1.5,15.044563,23.89444
12:31:51.518,0.024733,0.046233,0.026233,-1.120031,0.824999,-1.259815,0.033333,0.0545,0.0304,0.0086,0.008267,0.004167,,,,,,,4,0,2,-1,1.805245,-4.029844,2.224599,2939957.166828,3.666667,1.0,1.5,15.044563,23.89444
12:31:51.611,0.025767,0.047533,0.026933,-1.060643,0.929837,-1.220235,0.036067,0.057867,0.0326,0.0103,0.010333,0.005667,,,,,,,4,0,2,-1,1.830888,-4.140552,2.309664,2939957.166828,3.666667,1.0,1.5,15.044563,23.89444
12:31:51.715,0.027233,0.047967,0.027433,-0.976351,0.964783,-1.191963,0.0372,0.057433,0.032733,0.009967,0.009467,0.0053,,,,,,,4,0,2,5,1.725522,-4.09788,2.372358,2939957.166828,3.666667,1.0,1.5,15.044563,23.89444
12:31:51.815,0.028433,0.0472,0.027767,-0.907384,0.902955,-1.173115,0.0386,0.056567,0.032967,0.010167,0.009367,0.0052,,,,,,,4,0,2,5,1.544609,-3.88641,2.341802,2939957.166828,3.666667,1.0,1.5,15.044563,23.89444
12:31:51.915,0.0298,0.046767,0.028633,-0.828839,0.86801,-1.124111,0.0402,0.056,0.033733,0.0104,0.009233,0.0051,,,,,,,4,0,2,5,1.401577,-3.68897,2.287393,2939957.166828,3.666667,1.0,1.5,15.044563,23.89444
12:31:52.015,0.030433,0.046533,0.0293,-0.79244,0.849192,-1.086415,0.041133,0.055667,0.0345,0.0107,0.009133,0.0052,,,,,,,4,0,2,5,1.347656,-3.577239,2.229583,2939957.166828,3.666667,1.0,1.5,15.044563,23.89444
12:31:52.122,0.031867,0.046833,0.0301,-0.710063,0.873385,-1.041181,0.042867,0.056,0.0354,0.011,0.009167,0.0053,,,,,,,4,0,2,5,1.252331,-3.498014,2.245683,2939957.166828,3.666667,1.0,1.5,15.044563,23.89444
12:31:52.219,0.033967,0.047233,0.030167,-0.589372,0.905643,-1.037411,0.045233,0.0564,0.035767,0.011267,0.009167,0.0056,,,,,,,4,0,2,5,1.046976,-3.438069,2.391093,2939957.166828,3.666667,1.0,1.5,15.044563,23.89444
12:31:52.318,0.041633,0.047633,0.0308,-0.148754,0.937902,-1.0016,0.053167,0.056967,0.036467,0.011533,0.009333,0.005667,,,,,,,4,0,2,5,0.23381,-3.026158,2.792348,2939957.166828,3.666667,1.0,1.5,15.044563,23.89444
12:31:52.442,0.0482,0.046167,0.0302,0.228645,0.819623,-1.035527,0.057767,0.053533,0.034367,0.009567,0.007367,0.004167,,,,,,,4,0,2,5,-0.673194,-2.446127,3.119321,2939957.166828,3.666667,1.0,1.5,15.044563,23.89444
12:31:52.532,0.055733,0.0462,0.030433,0.6616,0.822312,-1.022333,0.0675,0.0543,0.035167,0.011767,0.0081,0.004733,,,,,,,4,0,3,-1,-1.523221,-2.005357,3.528578,2939957.166828,3.666667,1.0,1.5,15.044563,23.89444
12:31:52.638,0.059433,0.046967,0.0307,0.874246,0.884139,-1.007255,0.072267,0.055,0.035367,0.012833,0.008033,0.004667,,,,,,,4,0,3,-1,-1.871608,-1.901288,3.772896,2939957.166828,3.666667,1.0,1.5,15.044563,23.89444
12:31:52.738,0.0623,0.048233,0.031933,1.038998,0.98629,-0.937518,0.078633,0.058433,0.0382,0.016333,0.0102,0.006267,,,,,,,4,0,3,-1,-2.029225,-1.8711,3.900325,2939957.333494,3.833333,1.166667,1.5,11.863935,23.89444
12:31:52.841,0.0613,0.048,0.032667,0.981527,0.967472,-0.896053,0.076667,0.057367,0.0383,0.015367,0.009367,0.005633,,,,,,,5,1,3,-1,1.891636,1.84947,-3.741106,2939957.333494,3.833333,1.166667,1.5,11.863935,23.89444
12:31:52.942,0.0612,0.0471,0.032933,0.97578,0.894891,-0.880975,0.0767,0.056633,0.0389,0.0155,0.009533,0.005967,,,,,,,5,1,3,-1,1.937644,1.694978,-3.632622,2939957.333494,3.833333,1.166667,1.5,11.863935,23.89444
12:31:53.040,0.061633,0.047633,0.0349,1.000685,0.937902,-0.769773,0.077567,0.057267,0.041267,0.015933,0.009633,0.006367,,,,,,,5,1,3,-1,1.833241,1.644892,-3.478133,2939957.333494,3.833333,1.166667,1.5,11.863935,23.89444
12:31:53.139,0.0613,0.0484,0.037967,0.981528,0.99973,-0.596373,0.077467,0.058167,0.044867,0.016167,0.009767,0.0069,,,,,,,5,1,3,-1,1.5597,1.614304,-3.174004,2939957.333494,3.833333,1.166667,1.5,11.863935,23.89444
12:31:53.244,0.060467,0.048467,0.044133,0.933634,1.005106,-0.24769,0.076467,0.0581,0.051433,0.016,0.009633,0.0073,,,,,,,5,1,3,-1,1.109853,1.324267,-2.43412,2939957.333494,3.833333,1.166667,1.5,11.863935,23.89444
12:31:53.343,0.0577,0.047233,0.050333,0.774628,0.905644,0.102878,0.0733,0.056567,0.0582,0.0156,0.009333,0.007867,,,,,,,5,1,3,-1,0.540734,0.933781,-1.474515,2939957.333494,3.833333,1.166667,1.5,11.863935,23.89444
12:31:53.444,0.058933,0.0444,0.0563,0.845511,0.677151,0.440253,0.074267,0.053467,0.065133,0.015333,0.009067,0.008833,,,,,,,5,1,3,-1,0.573617,0.068539,-0.642156,2939957.333494,3.833333,1.166667,1.5,11.863935,23.89444
12:31:53.565,0.056867,0.0395,0.057833,0.726735,0.281991,0.526952,0.0693,0.0465,0.065033,0.012433,0.007,0.0072,,,,,,,5,1,-1,-1,0.644527,-0.689705,0.045178,2939957.500161,4.0,1.333333,1.5,11.932324,23.89444
12:31:53.653,0.0571,0.0354,0.0585,0.740145,-0.048652,0.564648,0.0703,0.0423,0.067,0.0132,0.0069,0.0085,,,,,,,0,2,-1,-1,-0.964294,1.402098,-0.437804,2939957.500161,4.0,1.333333,1.5,11.932324,23.89444
12:31:53.750,0.054267,0.030433,0.056967,0.577308,-0.449188,0.477949,0.067433,0.036967,0.065567,0.013167,0.006533,0.0086,,,,,,,0,2,-1,-1,-1.125854,1.953632,-0.827778,2939957.500161,4.0,1.333333,1.5,11.932324,23.89444
12:31:53.868,0.058167,0.03,0.061967,0.801448,-0.484133,0.760665,0.073033,0.037133,0.0719,0.014867,0.007133,0.009933,,,,,,,0,2,-1,-1,-1.326364,2.530379,-1.204015,2939957.500161,4.0,1.333333,1.5,11.932324,23.89444
12:31:53.966,0.058433,0.028467,0.064,0.816774,-0.607789,0.875636,0.072367,0.034767,0.0736,0.013933,0.0063,0.0096,,,,,,,0,2,5,-1,-1.3657,2.907988,-1.542288,2939957.666828,4.166667,1.5,1.5,15.890316,23.89444
12:31:54.076,0.0617,0.028967,0.0682,1.004515,-0.567466,1.113119,0.0746,0.034367,0.076833,0.0129,0.0054,0.008633,,,,,,,1,0,5,-1,1.463377,-3.252567,1.789189,2939957.666828,4.166667,1.5,1.5,15.890316,23.89444
12:31:54.176,0.059767,0.0275,0.066533,0.893403,-0.685746,1.01888,0.073867,0.033133,0.076467,0.0141,0.005633,0.009933,,,,,,,1,0,5,-1,1.453672,-3.283774,1.830102,2939957.666828,4.166667,1.5,1.5,15.890316,23.89444
12:31:54.275,0.061367,0.026533,0.065733,0.985359,-0.763702,0.973645,0.075433,0.032033,0.075667,0.014067,0.0055,0.009933,,,,,,,1,0,5,-1,1.760775,-3.486409,1.725634,2939957.666828,4.166667,1.5,1.5,15.890316,23.89444
12:31:54.381,0.061333,0.026033,0.063733,0.983442,-0.804025,0.860559,0.0765,0.031633,0.0746,0.015167,0.0056,0.010867,,,,,,,1,0,5,-1,1.910351,-3.452052,1.5417,2939957.666828,4.166667,1.5,1.5,15.890316,23.89444
12:31:54.481,0.060833,0.0253,0.063233,0.954707,-0.863165,0.832287,0.076167,0.030867,0.074167,0.015333,0.005567,0.010933,,,,,,,1,0,5,-1,1.940291,-3.513324,1.573033,2939957.666828,4.166667,1.5,1.5,15.890316,23.89444
12:31:54.581,0.060833,0.024833,0.0643,0.954707,-0.900799,0.8926,0.076167,0.030267,0.0751,0.015333,0.005433,0.0108,,,,,,,1,0,5,-1,1.917613,-3.648905,1.731293,2939957.666828,4.166667,1.5,1.5,15.890316,23.89444
12:31:54.702,0.0587,0.023233,0.063833,0.8321,-1.02983,0.866213,0.070933,0.027433,0.072067,0.012233,0.0042,0.008233,,,,,,,1,0,5,-1,1.827818,-3.757974,1.930156,2939957.666828,4.166667,1.5,1.5,15.890316,23.89444
12:31:54.792,0.055,0.0224,0.064333,0.619453,-1.097034,0.894484,0.068033,0.027167,0.0737,0.013033,0.004767,0.009367,,,,,,,1,0,5,2,1.441456,-3.708006,2.26655,2939957.666828,4.166667,1.5,1.5,15.890316,23.89444
12:31:54.896,0.045733,0.0223,0.064033,0.08688,-1.105099,0.877522,0.0587,0.026967,0.073667,0.012967,0.004667,0.009633,,,,,,,1,0,5,2,0.401337,-3.174599,2.773263,2939957.666828,4.166667,1.5,1.5,15.890316,23.89444
12:31:54.995,0.037533,0.023033,0.0658,-0.38439,-1.04596,0.977414,0.052367,0.028867,0.0782,0.014833,0.005833,0.0124,,,,,,,1,0,5,2,-0.700235,-2.684944,3.385179,2939957.666828,4.166667,1.5,1.5,15.890316,23.89444
12:31:55.095,0.030567,0.0233,0.065033,-0.784777,-1.024454,0.934065,0.0431,0.028533,0.076433,0.012533,0.005233,0.0114,,,,,,,1,0,0,2,-1.479165,-2.198196,3.677361,2939957.666828,4.166667,1.5,1.5,15.890316,23.89444
12:31:55.200,0.028367,0.0227,0.065567,-0.911216,-1.072841,0.964221,0.039367,0.027967,0.076767,0.011,0.005267,0.0112,,,,,,,1,0,0,-1,-1.713812,-2.198687,3.912498,2939957.666828,4.166667,1.5,1.5,15.890316,23.89444
12:31:55.302,0.0276,0.022333,0.066,-0.955278,-1.102411,0.988723,0.0383,0.027667,0.077367,0.0107,0.005333,0.011367,,,,,,,1,0,0,-1,-1.796869,-2.238267,4.035136,2939957.666828,4.166667,1.5,1.5,15.890316,23.89444
12:31:55.401,0.026867,0.022267,0.066267,-0.997424,-1.107787,1.003801,0.037367,0.027633,0.077667,0.0105,0.005367,0.0114,,,,,,,1,0,0,-1,-1.890862,-2.221952,4.112814,2939957.666828,4.166667,1.5,1.5,15.890316,23.89444
12:31:55.495,0.024133,0.0206,0.063,-1.154514,-1.242195,0.819094,0.034567,0.0261,0.074533,0.010433,0.0055,0.011533,,,,,,,1,0,0,-1,-1.885927,-2.14897,4.034896,2939957.666828,4.166667,1.5,1.5,15.890316,23.89444
12:31:55.609,0.023667,0.0208,0.064267,-1.181334,-1.226066,0.890715,0.033133,0.026,0.074333,0.009467,0.0052,0.010067,,,,,,,1,0,0,-1,-2.027316,-2.161514,4.188829,2939957.666828,4.166667,1.5,1.5,15.890316,23.89444
12:31:55.706,0.023433,0.020733,0.0637,-1.194744,-1.231443,0.858673,0.032467,0.025767,0.073833,0.009033,0.005033,0.010133,,,,,,,1,0,0,-1,-2.016718,-2.126814,4.143533,2939957.666828,4.166667,1.5,1.5,15.890316,23.89444
12:31:55.826,0.024667,0.0218,0.0659,-1.123862,-1.145422,0.983068,0.031967,0.025533,0.073133,0.0073,0.003733,0.007233,,,,,,,1,0,0,-1,-2.08537,-2.15005,4.23542,2939957.666828,4.166667,1.5,1.5,15.890316,23.89444
12:31:55.917,0.024167,0.0217,0.064567,-1.152598,-1.153486,0.907677,0.032467,0.026,0.074267,0.0083,0.0043,0.0097,,,,,,,1,0,0,-1,-2.059387,-2.062052,4.121439,2939957.666828,4.166667,1.5,1.5,15.890316,23.89444
12:31:56.020,0.0244,0.021967,0.067067,-1.139187,-1.131981,1.049036,0.0328,0.0264,0.0768,0.0084,0.004433,0.009733,,,,,,,1,0,0,-1,-2.19543,-2.17381,4.36924,2939957.666828,4.166667,1.5,1.5,15.890316,23.89444
12:31:56.121,0.0253,0.022733,0.0681,-1.087463,-1.070153,1.107464,0.035167,0.028433,0.080733,0.009867,0.0057,0.012633,,,,,,,1,0,0,-1,-2.212236,-2.160307,4.372544,2939957.666828,4.166667,1.5,1.5,15.890316,23.89444
12:31:56.214,0.0245,0.021833,0.0647,-1.13344,-1.142734,0.915217,0.033767,0.027233,0.0762,0.009267,0.0054,0.0115,,,,,,,1,0,0,-1,-2.039363,-2.067243,4.106607,2939957.666828,4.166667,1.5,1.5,15.890316,23.89444
12:31:56.328,0.024767,0.021933,0.0626,-1.118115,-1.134669,0.796476,0.033567,0.026933,0.072433,0.0088,0.005,0.009833,,,,,,,1,0,0,-1,-1.898036,-1.947699,3.845735,2939957.666828,4.166667,1.5,1.5,15.890316,23.89444
12:31:56.424,0.024633,0.022,0.0593,-1.125778,-1.129292,0.609883,0.0337,0.027033,0.069133,0.009067,0.005033,0.009833,,,,,,,1,0,0,-1,-1.732145,-1.74269,3.474835,2939957.666828,4.166667,1.5,1.5,15.890316,23.89444
12:31:56.526,0.0257,0.022967,0.057967,-1.064474,-1.051336,0.534492,0.035033,0.0281,0.067533,0.009333,0.005133,0.009567,,,,,,,1,0,0,-1,-1.612104,-1.57269,3.184794,2939957.666828,4.166667,1.5,1.5,15.890316,23.89444
12:31:56.629,0.025133,0.022633,0.0529,-1.097041,-1.078218,0.248006,0.035233,0.0283,0.063633,0.0101,0.005667,0.010733,,,,,,,1,0,0,-1,-1.363871,-1.307399,2.67127,2939957.666828,4.166667,1.5,1.5,15.890316,23.89444
12:31:56.730,0.025,0.022567,0.0478,-1.104704,-1.083594,-0.040365,0.0351,0.028233,0.057733,0.0101,0.005667,0.009933,,,,,,,1,0,0,-1,-1.08545,-1.022118,2.107568,2939957.666828,4.166667,1.5,1.5,15.890316,23.89444
12:31:56.832,0.0252,0.0229,0.042,-1.09321,-1.056713,-0.368316,0.035167,0.028533,0.051033,0.009967,0.005633,0.009033,,,,,,,1,0,0,-1,-0.761391,-0.651899,1.41329,2939957.833494,4.333333,1.666667,1.5,12.169611,23.89444
12:31:56.951,0.024733,0.022467,0.035333,-1.120031,-1.091658,-0.745271,0.032933,0.026667,0.041333,0.0082,0.0042,0.006,,,,,,,2,1,-1,-1,0.403132,0.318015,-0.721147,2939957.833494,4.333333,1.666667,1.5,12.169611,23.89444
12:31:57.041,0.024667,0.022233,0.031333,-1.123862,-1.110475,-0.971445,0.0332,0.027,0.036833,0.008533,0.004767,0.0055,,,,,,,2,1,-1,-1,0.165804,0.125644,-0.291448,2939957.833494,4.333333,1.666667,1.5,12.169611,23.89444
12:31:57.147,0.024833,0.022767,0.030333,-1.114283,-1.067465,-1.027988,0.0335,0.0276,0.035233,0.008667,0.004833,0.0049,,,,,,,2,1,-1,-1,0.133114,-0.007342,-0.125771,2939957.833494,4.333333,1.666667,1.5,12.169611,23.89444
12:31:57.247,0.025567,0.0239,0.031333,-1.072137,-0.976068,-0.971444,0.0357,0.030033,0.037667,0.010133,0.006133,0.006333,,,,,,,2,1,-1,-1,0.196762,-0.091446,-0.105316,2939957.833494,4.333333,1.666667,1.5,12.169611,23.89444
12:31:57.346,0.026033,0.025,0.032233,-1.045317,-0.887358,-0.920555,0.035533,0.0305,0.037933,0.0095,0.0055,0.0057,,,,,,,2,1,-1,-1,0.28272,-0.191155,-0.091564,2939957.833494,4.333333,1.666667,1.5,12.169611,23.89444
12:31:57.451,0.025967,0.025433,0.032567,-1.049148,-0.852412,-0.901708,0.0354,0.030967,0.0382,0.009433,0.005533,0.005633,,,,,,,2,1,-1,-1,0.344177,-0.246032,-0.098145,2939958.000161,4.5,1.833333,1.5,13.365253,23.89444
12:31:57.551,0.025967,0.025933,0.032633,-1.049148,-0.812089,-0.897939,0.035367,0.0317,0.0387,0.0094,0.005767,0.006067,,,,,,,3,2,-1,-1,-0.388268,0.322908,0.06536,2939958.000161,4.5,1.833333,1.5,13.365253,23.89444
12:31:57.652,0.025967,0.0265,0.032567,-1.049148,-0.766391,-0.901708,0.035267,0.032233,0.038633,0.0093,0.005733,0.006067,,,,,,,3,2,-1,-1,-0.430197,0.418075,0.012122,2939958.000161,4.5,1.833333,1.5,13.365253,23.89444
12:31:57.755,0.025933,0.026767,0.0321,-1.051064,-0.744885,-0.928095,0.0352,0.032567,0.038267,0.009267,0.0058,0.006167,,,,,,,3,2,-1,-1,-0.429147,0.489388,-0.060241,2939958.000161,4.5,1.833333,1.5,13.365253,23.89444
12:31:57.857,0.026033,0.0277,0.0316,-1.045317,-0.669617,-0.956366,0.035267,0.033433,0.0375,0.009233,0.005733,0.0059,,,,,,,3,2,-1,-1,-0.46465,0.662449,-0.197798,2939958.000161,4.5,1.833333,1.5,13.365253,23.89444
12:31:57.954,0.026033,0.028967,0.0311,-1.045317,-0.567467,-0.984638,0.0353,0.0349,0.0369,0.009267,0.005933,0.0058,,,,,,,3,2,-1,-1,-0.538529,0.895021,-0.356492,2939958.000161,4.5,1.833333,1.5,13.365253,23.89444
12:31:58.078,0.025167,0.030167,0.0291,-1.095126,-0.470693,-1.097724,0.0329,0.0347,0.033167,0.007733,0.004533,0.004067,,,,,,,3,2,-1,-1,-0.621834,1.251463,-0.629629,2939958.000161,4.5,1.833333,1.5,13.365253,23.89444
12:31:58.170,0.0247,0.031867,0.028,-1.121946,-0.333598,-1.159922,0.033033,0.0373,0.032267,0.008333,0.005433,0.004267,,,,,,,3,2,-1,-1,-0.750373,1.614673,-0.8643,2939958.166828,4.666667,2.0,1.5,13.522345,23.89444
12:31:58.273,0.024733,0.034133,0.027133,-1.120031,-0.150802,-1.208926,0.0332,0.040167,0.031333,0.008467,0.006033,0.0042,,,,,,,4,0,-1,-1,0.880333,-2.027353,1.14702,2939958.166828,4.666667,2.0,1.5,13.522345,23.89444
12:31:58.373,0.025733,0.036767,0.027667,-1.062558,0.061563,-1.17877,0.035533,0.0448,0.033267,0.0098,0.008033,0.0056,,,,,,,4,0,-1,-1,1.007909,-2.364454,1.356545,2939958.166828,4.666667,2.0,1.5,13.522345,23.89444
12:31:58.473,0.026233,0.0391,0.0277,-1.033822,0.249734,-1.176885,0.035533,0.046933,0.032867,0.0093,0.007833,0.005167,,,,,,,4,0,-1,-1,1.140493,-2.710175,1.569682,2939958.166828,4.666667,2.0,1.5,13.522345,23.89444
12:31:58.578,0.026,0.040567,0.027767,-1.047233,0.368013,-1.173115,0.035367,0.048567,0.0329,0.009367,0.008,0.005133,,,,,,,4,0,-1,-1,1.289363,-2.956374,1.667011,2939958.166828,4.666667,2.0,1.5,13.522345,23.89444
12:31:58.678,0.025833,0.042367,0.028367,-1.056811,0.513173,-1.139189,0.035333,0.050567,0.033567,0.0095,0.0082,0.0052,,,,,,,4,0,2,-1,1.487606,-3.222347,1.734741,2939958.166828,4.666667,2.0,1.5,13.522345,23.89444
12:31:58.778,0.025533,0.043667,0.0287,-1.074053,0.618011,-1.120342,0.035133,0.052133,0.033933,0.0096,0.008467,0.005233,,,,,,,4,0,2,-1,1.645774,-3.430416,1.784642,2939958.166828,4.666667,2.0,1.5,13.522345,23.89444
12:31:58.883,0.0256,0.0453,0.028933,-1.070221,0.74973,-1.107148,0.0352,0.054033,0.034233,0.0096,0.008733,0.0053,,,,,,,4,0,2,-1,1.783025,-3.67683,1.893806,2939958.166828,4.666667,2.0,1.5,13.522345,23.89444
12:31:58.983,0.025433,0.0461,0.0283,-1.0798,0.814247,-1.142959,0.0351,0.055033,0.033533,0.009667,0.008933,0.005233,,,,,,,4,0,2,-1,1.830887,-3.851253,2.020365,2939958.166828,4.666667,2.0,1.5,13.522345,23.89444
12:31:59.074,0.023433,0.0441,0.025767,-1.194744,0.652957,-1.286202,0.033233,0.053133,0.031033,0.0098,0.009033,0.005267,,,,,,,4,0,2,-1,1.756243,-3.78686,2.030617,2939958.166828,4.666667,2.0,1.5,13.522345,23.89444
12:31:59.204,0.023,0.0435,0.0246,-1.219649,0.60457,-1.352169,0.031,0.0505,0.028267,0.008,0.007,0.003667,,,,,,,4,0,2,-1,1.691698,-3.780958,2.08926,2939958.166828,4.666667,2.0,1.5,13.522345,23.89444
12:31:59.296,0.023367,0.043367,0.024433,-1.198576,0.593817,-1.361593,0.031733,0.051133,0.028367,0.008367,0.007767,0.003933,,,,,,,4,0,2,-1,1.629376,-3.747803,2.118427,2939958.166828,4.666667,2.0,1.5,13.522345,23.89444
12:31:59.402,0.027133,0.046567,0.027167,-0.982098,0.85188,-1.207041,0.035433,0.054533,0.031033,0.0083,0.007967,0.003867,,,,,,,4,0,2,5,1.609034,-3.8929,2.283865,2939958.166828,4.666667,2.0,1.5,13.522345,23.89444
12:31:59.501,0.029033,0.047167,0.028433,-0.872901,0.900267,-1.13542,0.039367,0.057167,0.033833,0.010333,0.01,0.0054,,,,,,,4,0,2,5,1.51065,-3.808855,2.298205,2939958.166828,4.666667,2.0,1.5,13.522345,23.89444
12:31:59.600,0.030533,0.047333,0.029467,-0.786693,0.913708,-1.076992,0.040967,0.056567,0.0347,0.010433,0.009233,0.005233,,,,,,,4,0,2,5,1.410103,-3.691101,2.280998,2939958.166828,4.666667,2.0,1.5,13.522345,23.89444
12:31:59.705,0.030833,0.046667,0.029867,-0.769451,0.859944,-1.054374,0.041467,0.0556,0.035067,0.010633,0.008933,0.0052,,,,,,,4,0,2,5,1.344473,-3.543714,2.199241,2939958.166828,4.666667,2.0,1.5,13.522345,23.89444
12:31:59.803,0.0321,0.046633,0.030267,-0.696654,0.857256,-1.031757,0.043,0.055567,0.035567,0.0109,0.008933,0.0053,,,,,,,4,0,2,5,1.218807,-3.442923,2.224116,2939958.166828,4.666667,2.0,1.5,13.522345,23.89444
12:31:59.906,0.034233,0.046667,0.0302,-0.574046,0.859945,-1.035526,0.045433,0.0557,0.035567,0.0112,0.009033,0.005367,,,,,,,4,0,2,5,0.97251,-3.329462,2.356951,2939958.166828,4.666667,2.0,1.5,13.522345,23.89444
12:32:00.008,0.042567,0.047467,0.030767,-0.095114,0.924461,-1.003485,0.054233,0.056667,0.036367,0.011667,0.0092,0.0056,,,,,,,4,0,2,5,0.111203,-2.947521,2.836318,2939958.166828,4.666667,2.0,1.5,13.522345,23.89444
12:32:00.110,0.050333,0.047933,0.031333,0.351252,0.962095,-0.971444,0.063267,0.057267,0.037067,0.012933,0.009333,0.005733,,,,,,,4,0,2,5,-0.711852,-2.544383,3.256235,2939958.166828,4.666667,2.0,1.5,13.522345,23.89444
12:32:00.212,0.0581,0.048567,0.031967,0.797616,1.013169,-0.935633,0.072133,0.0579,0.037767,0.014033,0.009333,0.0058,,,,,,,4,0,3,5,-1.517697,-2.164356,3.682053,2939958.166828,4.666667,2.0,1.5,13.522345,23.89444
12:32:00.333,0.059133,0.046767,0.030833,0.857004,0.86801,-0.999716,0.071167,0.0543,0.035,0.012033,0.007533,0.004167,,,,,,,4,0,3,-1,-1.845715,-1.878732,3.724446,2939958.166828,4.666667,2.0,1.5,13.522345,23.89444
12:32:00.422,0.059367,0.0458,0.030533,0.870414,0.790053,-1.016679,0.0728,0.054133,0.0353,0.013433,0.008333,0.004767,,,,,,,4,0,3,-1,-1.967456,-1.72637,3.693825,2939958.333494,4.833333,2.166667,1.5,10.796608,23.89444
12:32:00.527,0.059,0.045633,0.030967,0.849342,0.776612,-0.992177,0.072567,0.0541,0.0359,0.013567,0.008467,0.004933,,,,,,,5,1,3,-1,1.914248,1.69606,-3.610309,2939958.333494,4.833333,2.166667,1.5,10.796608,23.89444
12:32:00.627,0.060433,0.047033,0.0327,0.931718,0.889514,-0.894169,0.077067,0.057167,0.0393,0.016633,0.010133,0.0066,,,,,,,5,1,3,-1,1.868091,1.74148,-3.609571,2939958.333494,4.833333,2.166667,1.5,10.796608,23.89444
12:32:00.727,0.061233,0.048633,0.035733,0.977695,1.018546,-0.722654,0.0766,0.057733,0.0418,0.015367,0.0091,0.006067,,,,,,,5,1,3,-1,1.659498,1.782051,-3.441549,2939958.333494,4.833333,2.166667,1.5,10.796608,23.89444
12:32:00.831,0.060433,0.048767,0.039633,0.931718,1.029299,-0.502135,0.075667,0.057833,0.046067,0.015233,0.009067,0.006433,,,,,,,5,1,3,-1,1.336271,1.629015,-2.965286,2939958.333494,4.833333,2.166667,1.5,10.796608,23.89444
12:32:00.929,0.0589,0.048233,0.046467,0.843595,0.986288,-0.115756,0.074167,0.057533,0.0536,0.015267,0.0093,0.007133,,,,,,,5,1,3,-1,0.816657,1.244737,-2.061395,2939958.333494,4.833333,2.166667,1.5,10.796608,23.89444
12:32:01.031,0.0578,0.045933,0.052533,0.780375,0.800805,0.227274,0.073,0.055333,0.060733,0.0152,0.0094,0.0082,,,,,,,5,1,3,-1,0.532672,0.59396,-1.126632,2939958.333494,4.833333,2.166667,1.5,10.796608,23.89444
12:32:01.135,0.058767,0.043033,0.057467,0.835932,0.566935,0.506221,0.074,0.052167,0.066667,0.015233,0.009133,0.0092,,,,,,,5,1,-1,-1,0.598708,-0.208283,-0.390425,2939958.333494,4.833333,2.166667,1.5,10.796608,23.89444
12:32:01.236,0.058233,0.039167,0.059533,0.805279,0.25511,0.623077,0.073533,0.0478,0.069533,0.0153,0.008633,0.01,,,,,,,5,1,-1,-1,0.732371,-0.918135,0.185764,2939958.500161,5.0,2.333333,1.5,11.247663,23.89444
12:32:01.339,0.0594,0.035733,0.060933,0.87233,-0.02177,0.702238,0.074667,0.043933,0.071467,0.015267,0.0082,0.010533,,,,,,,0,2,-1,-1,-1.064192,1.618108,-0.553916,2939958.500161,5.0,2.333333,1.5,11.247663,23.89444
12:32:01.464,0.0623,0.0337,0.0654,1.038998,-0.185748,0.954798,0.074667,0.0399,0.0735,0.012367,0.0062,0.0081,,,,,,,0,2,-1,-1,-1.308946,2.365293,-1.056346,2939958.500161,5.0,2.333333,1.5,11.247663,23.89444
12:32:01.555,0.061,0.031233,0.0663,0.964285,-0.384672,1.005686,0.0754,0.037767,0.076367,0.0144,0.006533,0.010067,,,,,,,0,2,-1,-1,-1.307556,2.739315,-1.431759,2939958.666828,5.166667,2.5,1.5,17.367035,23.89444
12:32:01.653,0.0588,0.0295,0.066933,0.837847,-0.524456,1.041497,0.073167,0.035567,0.077133,0.014367,0.006067,0.0102,,,,,,,1,0,5,2,1.158654,-2.928256,1.769602,2939958.666828,5.166667,2.5,1.5,17.367035,23.89444
12:32:01.760,0.0568,0.027533,0.065433,0.722903,-0.683058,0.956681,0.0734,0.034467,0.077933,0.0166,0.006933,0.0125,,,,,,,1,0,5,2,1.172184,-3.0457,1.873516,2939958.666828,5.166667,2.5,1.5,17.367035,23.89444
12:32:01.856,0.0589,0.0273,0.0661,0.843594,-0.701875,0.994377,0.0734,0.033167,0.076967,0.0145,0.005867,0.010867,,,,,,,1,0,5,-1,1.394686,-3.241722,1.847035,2939958.666828,5.166667,2.5,1.5,17.367035,23.89444
12:32:01.954,0.0608,0.0269,0.066133,0.952791,-0.734133,0.996262,0.0754,0.0326,0.077033,0.0146,0.0057,0.0109,,,,,,,1,0,5,-1,1.643453,-3.417318,1.773865,2939958.666828,5.166667,2.5,1.5,17.367035,23.89444
12:32:02.059,0.059333,0.026433,0.064733,0.8685,-0.771767,0.917102,0.0748,0.032267,0.0761,0.015467,0.005833,0.011367,,,,,,,1,0,5,-1,1.591664,-3.329135,1.737471,2939958.666828,5.166667,2.5,1.5,17.367035,23.89444
12:32:02.158,0.059367,0.026433,0.064733,0.870416,-0.771767,0.917102,0.074833,0.032267,0.0761,0.015467,0.005833,0.011367,,,,,,,1,0,5,-1,1.595495,-3.331051,1.735555,2939958.666828,5.166667,2.5,1.5,17.367035,23.89444
12:32:02.260,0.0592,0.026367,0.064567,0.860837,-0.777143,0.907678,0.074633,0.0322,0.075933,0.015433,0.005833,0.011367,,,,,,,1,0,5,-1,1.591139,-3.322801,1.731662,2939958.666828,5.166667,2.5,1.5,17.367035,23.89444
12:32:02.362,0.0593,0.026167,0.0649,0.866583,-0.793272,0.926525,0.0751,0.032267,0.076367,0.0158,0.0061,0.011467,,,,,,,1,0,5,-1,1.599912,-3.379652,1.77974,2939958.666828,5.166667,2.5,1.5,17.367035,23.89444
12:32:02.467,0.059267,0.0262,0.065067,0.864667,-0.790584,0.935949,0.075067,0.032267,0.076433,0.0158,0.006067,0.011367,,,,,,,1,0,5,-1,1.583968,-3.381784,1.797816,2939958.666828,5.166667,2.5,1.5,17.367035,23.89444
12:32:02.584,0.058633,0.0256,0.064267,0.828268,-0.838971,0.890714,0.071267,0.0301,0.072733,0.012633,0.0045,0.008467,,,,,,,1,0,5,-1,1.604793,-3.396924,1.792131,2939958.666828,5.166667,2.5,1.5,17.367035,23.89444
12:32:02.674,0.0581,0.025233,0.0634,0.797617,-0.868541,0.841711,0.071133,0.030067,0.0726,0.013033,0.004833,0.0092,,,,,,,1,0,5,-1,1.622065,-3.376409,1.754344,2939958.666828,5.166667,2.5,1.5,17.367035,23.89444
12:32:02.773,0.058067,0.025167,0.0632,0.795702,-0.873917,0.830402,0.071133,0.030033,0.072467,0.013067,0.004867,0.009267,,,,,,,1,0,5,-1,1.634918,-3.373937,1.739019,2939958.666828,5.166667,2.5,1.5,17.367035,23.89444
12:32:02.880,0.0591,0.025867,0.064433,0.855089,-0.817466,0.900139,0.075333,0.032267,0.0765,0.016233,0.0064,0.012067,,,,,,,1,0,5,-1,1.627505,-3.390159,1.762654,2939958.666828,5.166667,2.5,1.5,17.367035,23.89444
12:32:02.977,0.06,0.026433,0.065267,0.906814,-0.771767,0.947258,0.075333,0.0323,0.0766,0.015333,0.005867,0.011333,,,,,,,1,0,5,-1,1.638137,-3.397606,1.759469,2939958.666828,5.166667,2.5,1.5,17.367035,23.89444
12:32:03.079,0.059733,0.026433,0.065067,0.891488,-0.771767,0.93595,0.075133,0.0323,0.0765,0.0154,0.005867,0.011433,,,,,,,1,0,5,-1,1.618793,-3.370972,1.752179,2939958.666828,5.166667,2.5,1.5,17.367035,23.89444
12:32:03.182,0.059633,0.026333,0.065267,0.885741,-0.779831,0.947259,0.075333,0.032333,0.076833,0.0157,0.006,0.011567,,,,,,,1,0,5,-1,1.604054,-3.392662,1.788608,2939958.666828,5.166667,2.5,1.5,17.367035,23.89444
12:32:03.283,0.059433,0.0262,0.065033,0.874247,-0.790584,0.934066,0.0751,0.032233,0.0765,0.015667,0.006033,0.011467,,,,,,,1,0,5,-1,1.605012,-3.389481,1.784469,2939958.666828,5.166667,2.5,1.5,17.367035,23.89444
12:32:03.382,0.059667,0.026233,0.0651,0.887657,-0.787896,0.937835,0.075267,0.032267,0.0765,0.0156,0.006033,0.0114,,,,,,,1,0,5,-1,1.625376,-3.401284,1.775908,2939958.666828,5.166667,2.5,1.5,17.367035,23.89444
12:32:03.488,0.0593,0.026233,0.064367,0.866584,-0.787896,0.89637,0.074867,0.032233,0.0758,0.015567,0.006,0.011433,,,,,,,1,0,5,-1,1.624694,-3.338746,1.714052,2939958.666828,5.166667,2.5,1.5,17.367035,23.89444
12:32:03.586,0.059533,0.0263,0.0646,0.879993,-0.782519,0.909562,0.075133,0.0323,0.076067,0.0156,0.006,0.011467,,,,,,,1,0,5,-1,1.632944,-3.354595,1.721651,2939958.666828,5.166667,2.5,1.5,17.367035,23.89444
12:32:03.710,0.058833,0.0255,0.0636,0.839763,-0.847036,0.853019,0.0712,0.0301,0.0722,0.012367,0.0046,0.0086,,,,,,,1,0,5,-1,1.673542,-3.386853,1.713311,2939958.666828,5.166667,2.5,1.5,17.367035,23.89444
12:32:03.800,0.0583,0.024967,0.063267,0.809111,-0.890046,0.834172,0.0713,0.0301,0.072533,0.013,0.005133,0.009267,,,,,,,1,0,5,-1,1.674097,-3.423376,1.749279,2939958.666828,5.166667,2.5,1.5,17.367035,23.89444
12:32:03.899,0.058033,0.025,0.063033,0.793786,-0.887358,0.820979,0.071,0.0301,0.072067,0.012967,0.0051,0.009033,,,,,,,1,0,5,-1,1.653952,-3.389481,1.735529,2939958.666828,5.166667,2.5,1.5,17.367035,23.89444
12:32:03.995,0.054967,0.023833,0.060433,0.617538,-0.981443,0.673966,0.071433,0.030467,0.0724,0.016467,0.006633,0.011967,,,,,,,1,0,5,-1,1.542554,-3.25439,1.711836,2939958.666828,5.166667,2.5,1.5,17.367035,23.89444
12:32:04.107,0.0571,0.024933,0.0628,0.740145,-0.892734,0.807785,0.0712,0.030467,0.072167,0.0141,0.005533,0.009367,,,,,,,1,0,5,-1,1.565239,-3.333397,1.768158,2939958.666828,5.166667,2.5,1.5,17.367035,23.89444
12:32:04.208,0.057367,0.025,0.063167,0.75547,-0.887358,0.828517,0.071567,0.030567,0.0728,0.0142,0.005567,0.009633,,,,,,,1,0,5,-1,1.569781,-3.358702,1.788921,2939958.666828,5.166667,2.5,1.5,17.367035,23.89444
12:32:04.313,0.0613,0.027033,0.067167,0.981527,-0.72338,1.05469,0.075167,0.0324,0.0766,0.013867,0.005367,0.009433,,,,,,,1,0,5,-1,1.631744,-3.482976,1.851233,2939958.666828,5.166667,2.5,1.5,17.367035,23.89444
12:32:04.412,0.060133,0.026467,0.0657,0.914476,-0.769079,0.97176,0.075567,0.032433,0.076933,0.015433,0.005967,0.011233,,,,,,,1,0,5,-1,1.626271,-3.424393,1.798122,2939958.666828,5.166667,2.5,1.5,17.367035,23.89444
12:32:04.515,0.059667,0.026333,0.065167,0.887657,-0.779831,0.941604,0.0751,0.032267,0.076367,0.015433,0.005933,0.0112,,,,,,,1,0,5,-1,1.613542,-3.388924,1.775383,2939958.666828,5.166667,2.5,1.5,17.367035,23.89444
12:32:04.615,0.0597,0.026233,0.065133,0.889573,-0.787896,0.93972,0.075233,0.032267,0.076467,0.015533,0.006033,0.011333,,,,,,,1,0,5,-1,1.627321,-3.405084,1.777763,2939958.666828,5.166667,2.5,1.5,17.367035,23.89444
12:32:04.711,0.056367,0.024733,0.061733,0.697999,-0.908863,0.747472,0.071967,0.0307,0.0731,0.0156,0.005967,0.011367,,,,,,,1,0,5,-1,1.55739,-3.263197,1.705807,2939958.666828,5.166667,2.5,1.5,17.367035,23.89444
12:32:04.841,0.0563,0.024067,0.061533,0.694167,-0.962627,0.736163,0.068367,0.028567,0.069433,0.012067,0.0045,0.0079,,,,,,,1,0,5,-1,1.614799,-3.355583,1.740784,2939958.666828,5.166667,2.5,1.5,17.367035,23.89444
12:32:04.923,0.0512,0.021633,0.056467,0.401061,-1.158862,0.449677,0.064467,0.026733,0.065533,0.013267,0.0051,0.009067,,,,,,,1,0,5,-1,1.511307,-3.168462,1.657155,2939958.666828,5.166667,2.5,1.5,17.367035,23.89444
12:32:05.033,0.055567,0.023533,0.060967,0.652021,-1.005637,0.704122,0.0674,0.028233,0.068633,0.011833,0.0047,0.007667,,,,,,,1,0,5,-1,1.605557,-3.367416,1.76186,2939958.666828,5.166667,2.5,1.5,17.367035,23.89444
12:32:05.136,0.055867,0.024233,0.0614,0.669263,-0.949185,0.728625,0.0711,0.0304,0.072467,0.015233,0.006167,0.011067,,,,,,,1,0,5,-1,1.559087,-3.296259,1.737172,2939958.666828,5.166667,2.5,1.5,17.367035,23.89444
12:32:05.234,0.060833,0.0267,0.066267,0.954707,-0.750261,1.003802,0.074767,0.032233,0.076167,0.013933,0.005533,0.0099,,,,,,,1,0,5,-1,1.655875,-3.459032,1.803157,2939958.666828,5.166667,2.5,1.5,17.367035,23.89444
12:32:05.325,0.056067,0.024567,0.0614,0.680758,-0.922304,0.728624,0.071233,0.030333,0.072667,0.015167,0.005767,0.011267,,,,,,,1,0,5,-1,1.555196,-3.25399,1.698794,2939958.666828,5.166667,2.5,1.5,17.367035,23.89444
12:32:05.441,0.057733,0.025033,0.063067,0.776544,-0.88467,0.822863,0.071467,0.030367,0.072767,0.013733,0.005333,0.0097,,,,,,,1,0,5,-1,1.614895,-3.368746,1.753851,2939958.666828,5.166667,2.5,1.5,17.367035,23.89444
12:32:05.543,0.0576,0.025033,0.063,0.768881,-0.88467,0.819094,0.071333,0.030333,0.072633,0.013733,0.0053,0.009633,,,,,,,1,0,5,-1,1.603338,-3.357314,1.753977,2939958.666828,5.166667,2.5,1.5,17.367035,23.89444
12:32:05.632,0.0577,0.024933,0.063133,0.774628,-0.892734,0.826633,0.071467,0.0304,0.072733,0.013767,0.005467,0.0096,,,,,,,1,0,5,-1,1.615358,-3.386729,1.771371,2939958.666828,5.166667,2.5,1.5,17.367035,23.89444
12:32:05.748,0.057467,0.0249,0.063067,0.761219,-0.895422,0.822863,0.0713,0.0304,0.0726,0.013833,0.0055,0.009533,,,,,,,1,0,5,-1,1.594996,-3.374927,1.77993,2939958.666828,5.166667,2.5,1.5,17.367035,23.89444
12:32:05.846,0.0575,0.025,0.063167,0.763134,-0.887358,0.828518,0.071367,0.030433,0.0727,0.013867,0.005433,0.009533,,,,,,,1,0,5,-1,1.585109,-3.366368,1.781259,2939958.666828,5.166667,2.5,1.5,17.367035,23.89444
12:32:05.970,0.060167,0.026167,0.065633,0.916393,-0.793272,0.967991,0.070867,0.030067,0.072333,0.0107,0.0039,0.0067,,,,,,,1,0,5,-1,1.658068,-3.470928,1.81286,2939958.666828,5.166667,2.5,1.5,17.367035,23.89444
12:32:06.058,0.057967,0.025267,0.063433,0.789954,-0.865853,0.843595,0.0713,0.0302,0.072867,0.013333,0.004933,0.009433,,,,,,,1,0,5,-1,1.602166,-3.365255,1.763089,2939958.666828,5.166667,2.5,1.5,17.367035,23.89444
12:32:06.157,0.0578,0.025033,0.063167,0.780375,-0.88467,0.828517,0.0712,0.030167,0.072667,0.0134,0.005133,0.0095,,,,,,,1,0,5,-1,1.616903,-3.378233,1.761329,2939958.666828,5.166667,2.5,1.5,17.367035,23.89444
12:32:06.261,0.058733,0.0258,0.064367,0.834016,-0.822842,0.896369,0.0754,0.032433,0.076833,0.016667,0.006633,0.012467,,,,,,,1,0,5,-1,1.594505,-3.376069,1.781564,2939958.666828,5.166667,2.5,1.5,17.367035,23.89444
12:32:06.360,0.0599,0.0264,0.065233,0.901067,-0.774455,0.945373,0.075233,0.0323,0.076567,0.015333,0.0059,0.011333,,,,,,,1,0,5,-1,1.631215,-3.39535,1.764135,2939958.666828,5.166667,2.5,1.5,17.367035,23.89444
12:32:06.460,0.060167,0.0265,0.065467,0.916392,-0.76639,0.958567,0.0754,0.0323,0.0767,0.015233,0.0058,0.011233,,,,,,,1,0,5,-1,1.640608,-3.40774,1.767132,2939958.666828,5.166667,2.5,1.5,17.367035,23.89444
12:32:06.567,0.060167,0.026467,0.0655,0.916392,-0.769079,0.960452,0.0753,0.032267,0.0765,0.015133,0.0058,0.011,,,,,,,1,0,5,-1,1.641411,-3.415001,1.77359,2939958.666828,5.166667,2.5,1.5,17.367035,23.89444
12:32:06.666,0.060067,0.026467,0.065567,0.910645,-0.769079,0.964221,0.0753,0.032267,0.076533,0.015233,0.0058,0.010967,,,,,,,1,0,5,-1,1.626148,-3.413023,1.786875,2939958.666828,5.166667,2.5,1.5,17.367035,23.89444
12:32:06.765,0.059867,0.0265,0.065367,0.89915,-0.766391,0.952913,0.075133,0.032267,0.076467,0.015267,0.005767,0.0111,,,,,,,1,0,5,-1,1.611779,-3.384845,1.773065,2939958.666828,5.166667,2.5,1.5,17.367035,23.89444
12:32:06.868,0.059667,0.0265,0.065367,0.887656,-0.766391,0.952913,0.075267,0.0323,0.076767,0.0156,0.0058,0.0114,,,,,,,1,0,5,-1,1.58879,-3.373351,1.784561,2939958.666828,5.166667,2.5,1.5,17.367035,23.89444
12:32:06.967,0.0593,0.0264,0.064933,0.866584,-0.774455,0.928412,0.0749,0.0323,0.0764,0.0156,0.0059,0.011467,,,,,,,1,0,5,-1,1.579211,-3.343906,1.764695,2939958.666828,5.166667,2.5,1.5,17.367035,23.89444
12:32:07.089,0.058133,0.0254,0.063567,0.799533,-0.855101,0.851135,0.0706,0.029967,0.0721,0.012467,0.004567,0.008533,,,,,,,1,0,5,-1,1.603031,-3.360869,1.757838,2939958.666828,5.166667,2.5,1.5,17.367035,23.89444
12:32:07.178,0.0574,0.0249,0.062533,0.757387,-0.895423,0.792707,0.070567,0.029933,0.071933,0.013167,0.005033,0.0094,,,,,,,1,0,5,-1,1.617489,-3.34094,1.723451,2939958.666828,5.166667,2.5,1.5,17.367035,23.89444
12:32:07.279,0.0575,0.024833,0.062633,0.763134,-0.9008,0.798361,0.070667,0.029867,0.071967,0.013167,0.005033,0.009333,,,,,,,1,0,5,-1,1.628707,-3.363094,1.734387,2939958.666828,5.166667,2.5,1.5,17.367035,23.89444
12:32:07.383,0.058933,0.0259,0.0644,0.845511,-0.814777,0.898254,0.0752,0.032267,0.076533,0.016267,0.006367,0.012133,,,,,,,1,0,5,-1,1.607545,-3.37332,1.765775,2939958.666828,5.166667,0.0,2.5,0.0,17.367035
12:32:07.483,0.0599,0.026367,0.065267,0.901067,-0.777143,0.947258,0.0752,0.032267,0.076467,0.0153,0.0059,0.0112,,,,,,,1,0,5,-1,1.632019,-3.402612,1.770593,2939958.666828,5.166667,0.0,2.5,0.0,17.367035
12:32:07.575,0.0567,0.024633,0.061767,0.717157,-0.916928,0.749357,0.072,0.0306,0.073167,0.0153,0.005967,0.0114,,,,,,,1,0,5,-1,1.601884,-3.300369,1.698485,2939958.666828,5.166667,0.0,2.5,0.0,17.367035
12:32:07.692,0.0581,0.025033,0.063367,0.797618,-0.88467,0.839826,0.0719,0.030567,0.073,0.0138,0.005533,0.009633,,,,,,,1,0,5,-1,1.640079,-3.406783,1.766705,2939958.666828,5.166667,0.0,2.5,0.0,17.367035
12:32:07.792,0.057867,0.025033,0.063267,0.784208,-0.88467,0.834172,0.071667,0.030533,0.072833,0.0138,0.0055,0.009567,,,,,,,1,0,5,-1,1.618913,-3.387719,1.768806,2939958.666828,5.166667,0.0,2.5,0.0,17.367035
12:32:07.896,0.060933,0.0268,0.066867,0.960455,-0.742197,1.037728,0.074733,0.0322,0.0763,0.0138,0.0054,0.009433,,,,,,,1,0,5,-1,1.625379,-3.482577,1.857198,2939958.666828,5.166667,0.0,2.5,0.0,17.367035
12:32:07.999,0.059733,0.0264,0.065367,0.891489,-0.774455,0.952913,0.0751,0.032233,0.0766,0.015367,0.005833,0.011233,,,,,,,1,0,5,-1,1.60452,-3.393312,1.788792,2939958.666828,5.166667,0.0,2.5,0.0,17.367035
12:32:08.096,0.0598,0.026367,0.065533,0.89532,-0.777143,0.962337,0.0753,0.032267,0.076867,0.0155,0.0059,0.011333,,,,,,,1,0,5,-1,1.605446,-3.411943,1.806497,2939958.666828,5.166667,0.0,2.5,0.0,17.367035
12:32:08.219,0.0589,0.025467,0.0642,0.843594,-0.849724,0.886946,0.0712,0.030033,0.072633,0.0123,0.004567,0.008433,,,,,,,1,0,5,-1,1.649966,-3.429987,1.78002,2939958.666828,5.166667,0.0,2.5,0.0,17.367035
12:32:08.301,0.0537,0.022667,0.0591,0.54474,-1.075529,0.598575,0.067067,0.0279,0.0686,0.013367,0.005233,0.0095,,,,,,,1,0,5,-1,1.566434,-3.294374,1.727939,2939958.666828,5.166667,0.0,2.5,0.0,17.367035
12:32:08.410,0.0545,0.022967,0.060233,0.590718,-1.051336,0.662657,0.066333,0.027667,0.067967,0.011833,0.0047,0.007733,,,,,,,1,0,5,-1,1.570114,-3.356046,1.785932,2939958.666828,5.166667,0.0,2.5,0.0,17.367035
12:32:08.513,0.055933,0.024,0.061867,0.673094,-0.968003,0.75501,0.071067,0.0301,0.0726,0.015133,0.0061,0.010733,,,,,,,1,0,5,-1,1.55918,-3.36411,1.80493,2939958.666828,5.166667,0.0,2.5,0.0,17.367035
12:32:08.603,0.057533,0.0253,0.063333,0.765049,-0.863164,0.837941,0.0715,0.030767,0.073067,0.013967,0.005467,0.009733,,,,,,,1,0,5,-1,1.555321,-3.329318,1.773998,2939958.666828,5.166667,0.0,2.5,0.0,17.367035
12:32:08.717,0.057533,0.0253,0.0629,0.765049,-0.863164,0.813439,0.071667,0.030867,0.073,0.014133,0.005567,0.0101,,,,,,,1,0,5,-1,1.579824,-3.304816,1.724993,2939958.666828,5.166667,0.0,2.5,0.0,17.367035
12:32:08.821,0.057833,0.0254,0.063267,0.78229,-0.8551,0.834171,0.071967,0.0309,0.073367,0.014133,0.0055,0.0101,,,,,,,1,0,5,-1,1.585509,-3.326662,1.741153,2939958.666828,5.166667,0.0,2.5,0.0,17.367035
12:32:08.919,0.060833,0.026667,0.0666,0.954706,-0.75295,1.022648,0.075367,0.032333,0.076767,0.014533,0.005667,0.010167,,,,,,,1,0,5,-1,1.639714,-3.483254,1.84354,2939958.666828,5.166667,0.0,2.5,0.0,17.367035
12:32:09.020,0.0602,0.0266,0.0661,0.918307,-0.758326,0.994377,0.0758,0.032433,0.077167,0.0156,0.005833,0.011067,,,,,,,1,0,5,-1,1.600564,-3.429336,1.828772,2939958.666828,5.166667,0.0,2.5,0.0,17.367035
12:32:09.125,0.060267,0.026667,0.066267,0.922139,-0.75295,1.003801,0.0759,0.032567,0.077333,0.015633,0.0059,0.011067,,,,,,,1,0,5,-1,1.593427,-3.431839,1.838413,2939958.666828,5.166667,0.0,2.5,0.0,17.367035
12:32:09.225,0.060233,0.026733,0.066133,0.920223,-0.747574,0.996263,0.075667,0.032533,0.0771,0.015433,0.0058,0.010967,,,,,,,1,0,5,-1,1.591757,-3.411633,1.819876,2939958.666828,5.166667,0.0,2.5,0.0,17.367035
12:32:09.346,0.0595,0.0258,0.065,0.878077,-0.822842,0.93218,0.071867,0.030367,0.073467,0.012367,0.004567,0.008467,,,,,,,1,0,5,-1,1.646816,-3.455941,1.809125,2939958.666828,5.166667,0.0,2.5,0.0,17.367035
12:32:09.437,0.057933,0.025,0.063333,0.788038,-0.887358,0.837941,0.071333,0.030133,0.072767,0.0134,0.005133,0.009433,,,,,,,1,0,5,-1,1.625493,-3.400694,1.775202,2939958.666828,5.166667,0.0,2.5,0.0,17.367035
12:32:09.536,0.0584,0.025133,0.063667,0.814858,-0.876605,0.856788,0.071667,0.030167,0.073033,0.013267,0.005033,0.009367,,,,,,,1,0,5,-1,1.649533,-3.424856,1.775323,2939958.666828,5.166667,0.0,2.5,0.0,17.367035
12:32:09.646,0.0591,0.025767,0.064533,0.855088,-0.82553,0.905792,0.075633,0.032367,0.076867,0.016533,0.0066,0.012333,,,,,,,1,0,5,-1,1.629914,-3.411941,1.782027,2939958.666828,5.166667,0.0,2.5,0.0,17.367035
12:32:09.741,0.0601,0.0264,0.065633,0.912561,-0.774455,0.967991,0.0754,0.0323,0.076667,0.0153,0.0059,0.011033,,,,,,,1,0,5,-1,1.631587,-3.429462,1.797875,2939958.666828,5.166667,0.0,2.5,0.0,17.367035
12:32:09.841,0.060033,0.0264,0.065367,0.90873,-0.774455,0.952912,0.0753,0.0323,0.076567,0.015267,0.0059,0.0112,,,,,,,1,0,5,-1,1.639003,-3.410552,1.771549,2939958.666828,5.166667,0.0,2.5,0.0,17.367035
12:32:09.939,0.056867,0.0251,0.0623,0.726736,-0.879293,0.779513,0.0722,0.031,0.073533,0.015333,0.0059,0.011233,,,,,,,1,0,5,-1,1.553251,-3.264835,1.711584,2939958.666828,5.166667,0.0,2.5,0.0,17.367035
12:32:10.047,0.057933,0.025333,0.063167,0.788039,-0.860476,0.828518,0.072133,0.031,0.073467,0.0142,0.005667,0.0103,,,,,,,1,0,5,-1,1.608035,-3.337509,1.729473,2939958.666828,5.166667,0.0,2.5,0.0,17.367035
12:32:10.146,0.057933,0.025333,0.063233,0.788039,-0.860476,0.832287,0.072167,0.031,0.0734,0.014233,0.005667,0.010167,,,,,,,1,0,5,-1,1.604267,-3.341279,1.737012,2939958.666828,5.166667,0.0,2.5,0.0,17.367035
12:32:10.253,0.0613,0.026933,0.0667,0.981528,-0.731444,1.028304,0.075233,0.0323,0.076367,0.013933,0.005367,0.009667,,,,,,,1,0,5,-1,1.666196,-3.47272,1.806525,2939958.666828,5.166667,0.0,2.5,0.0,17.367035
12:32:10.353,0.059733,0.0265,0.065333,0.891488,-0.76639,0.951028,0.074933,0.0323,0.076267,0.0152,0.0058,0.010933,,,,,,,1,0,5,-1,1.598338,-3.375297,1.776959,2939958.666828,5.166667,0.0,2.5,0.0,17.367035
12:32:10.470,0.058,0.025333,0.063467,0.791869,-0.860477,0.84548,0.070133,0.029933,0.071633,0.012133,0.0046,0.008167,,,,,,,1,0,5,-1,1.598735,-3.358303,1.759568,2939958.666828,5.166667,0.0,2.5,0.0,17.367035
12:32:10.562,0.056767,0.024567,0.062233,0.720987,-0.922305,0.775744,0.070167,0.029967,0.0718,0.0134,0.0054,0.009567,,,,,,,1,0,5,-1,1.588535,-3.341341,1.752805,2939958.666828,5.166667,0.0,2.5,0.0,17.367035
12:32:10.654,0.053733,0.022867,0.058933,0.546656,-1.059401,0.589151,0.066967,0.0281,0.068367,0.013233,0.005233,0.009433,,,,,,,1,0,5,-1,1.563562,-3.254609,1.691047,2939958.666828,5.166667,0.0,2.5,0.0,17.367035
12:32:10.771,0.0564,0.024333,0.061833,0.699915,-0.941121,0.753127,0.0716,0.030467,0.072867,0.0152,0.006133,0.011033,,,,,,,1,0,5,-1,1.587824,-3.335284,1.74746,2939958.666828,5.166667,0.0,2.5,0.0,17.367035
12:32:10.868,0.057333,0.024967,0.0626,0.753556,-0.890046,0.796477,0.071567,0.030433,0.0727,0.014233,0.005467,0.0101,,,,,,,1,0,5,-1,1.600682,-3.330125,1.729444,2939958.666828,5.166667,0.0,2.5,0.0,17.367035
12:32:10.967,0.060767,0.0267,0.066067,0.950875,-0.750262,0.992493,0.0752,0.032267,0.076267,0.014433,0.005567,0.0102,,,,,,,1,0,5,-1,1.659518,-3.443892,1.784373,2939958.666828,5.166667,0.0,2.5,0.0,17.367035
12:32:11.070,0.059967,0.026467,0.065267,0.904898,-0.769079,0.947257,0.075467,0.032333,0.0767,0.0155,0.005867,0.011433,,,,,,,1,0,5,-1,1.631616,-3.390313,1.758696,2939958.666828,5.166667,0.0,2.5,0.0,17.367035
12:32:11.171,0.059667,0.0263,0.065033,0.887657,-0.782519,0.934064,0.075167,0.032333,0.076467,0.0155,0.006033,0.011433,,,,,,,1,0,5,-1,1.623769,-3.38676,1.762991,2939958.666828,5.166667,0.0,2.5,0.0,17.367035
12:32:11.271,0.0597,0.026333,0.0651,0.889573,-0.779831,0.937834,0.0751,0.032333,0.076433,0.0154,0.006,0.011333,,,,,,,1,0,5,-1,1.621143,-3.38707,1.765927,2939958.666828,5.166667,0.0,2.5,0.0,17.367035
12:32:11.377,0.059367,0.026133,0.064933,0.870415,-0.79596,0.928411,0.074933,0.032267,0.076333,0.015567,0.006133,0.0114,,,,,,,1,0,5,-1,1.608379,-3.390748,1.782368,2939958.666828,5.166667,0.0,2.5,0.0,17.367035
12:32:11.477,0.0593,0.0262,0.065,0.866584,-0.790584,0.932181,0.0748,0.032233,0.076367,0.0155,0.006033,0.011367,,,,,,,1,0,5,-1,1.591571,-3.379932,1.788361,2939958.666828,5.166667,0.0,2.5,0.0,17.367035
12:32:11.597,0.057833,0.025333,0.063267,0.782292,-0.860476,0.834172,0.0701,0.0299,0.071867,0.012267,0.004567,0.0086,,,,,,,1,0,5,-1,1.590888,-3.337416,1.746528,2939958.666828,5.166667,0.0,2.5,0.0,17.367035
12:32:11.685,0.056933,0.0248,0.0624,0.730567,-0.903487,0.785167,0.0703,0.0299,0.071933,0.013367,0.0051,0.009533,,,,,,,1,0,5,-1,1.579453,-3.322708,1.743255,2939958.666828,5.166667,0.0,2.5,0.0,17.367035
